UberCity_accuracy,UberCity,POPESTIMATE2019,area_km2,charging_locations,level2,dcfc,charging_locations_per_100kpeople,charging_locations_per_1000km2,level2_per_100kpeople,level2_per_1000km2,dcfc_per_100kpeople,dcfc_per_1000km2
1,Amarillo,437924,68501.352083,10,28,25,2.2835012467916807,0.14598251999294043,6.3938034910167065,0.4087510559802332,5.708753116979202,0.3649562999823511
1,Ames,391330,27879.256295,16,20,16,4.088620857077148,0.5739034008188202,5.110776071346434,0.7173792510235252,4.088620857077148,0.5739034008188202
1,Ann Arbor,526111,3646.301028,40,88,20,7.602958311078841,10.970021315530287,16.72650828437345,24.134046894166634,3.8014791555394205,5.485010657765144
1,"Asheville, NC",772925,15930.893916,87,205,13,11.255943332147362,5.461087146693168,26.52262509299091,12.868078908874706,1.6819225668725943,0.8160245161725423
1,Atlanta,6171603,21386.023053,661,1970,234,10.710345432134893,30.90803738319528,31.920394101824115,92.11623849454568,3.7915595024501734,10.941725790722685
1,Auburn,324293,9824.937932,13,25,10,4.008720508922487,1.3231635751772808,7.709077901774013,2.544545336879386,3.083631160709605,1.0178181347517545
1,Austin,2314157,18087.884742,337,992,92,14.56253832389073,18.63125538485367,42.866581653708025,54.843339293100414,3.975529750142276,5.086277434440765
1,Bakersfield,900202,21062.540828,35,104,93,3.8880162452427345,1.6617178471398806,11.552962557292696,4.9376758886442165,10.331014594502124,4.415421708114541
1,Baltimore-Maryland,3823191,16080.145998,477,1215,238,12.476488880623542,29.663909771672955,31.77973582800336,75.5590154561481,6.225166359724114,14.800860640792797
1,Beaumont,441687,10290.224422,8,11,4,1.8112373694494066,0.777436882999013,2.490451382992934,1.068975714123643,0.9056186847247033,0.3887184414995065
1,Bellingham,443593,10480.670888,48,89,31,10.820729813139522,4.579859487330941,20.06343652852953,8.49182279942612,6.988388004319274,2.9578259189012326
1,Big Island,201513,10433.635363,33,50,16,16.376114692352353,3.1628477373308796,24.812294988412656,4.792193541410423,7.93993439629205,1.5335019332513355
1,Billings,301383,193073.544762,9,12,24,2.9862334637321943,0.04661436143980377,3.981644618309593,0.06215248191973835,7.963289236619186,0.1243049638394767
1,Bismark,322263,89941.779522,13,23,10,4.033972252477014,0.14453794520287613,7.137027831305487,0.25572097997431925,3.1030555788284726,0.11118303477144316
1,Bloomington,148431,1021.806936,6,9,8,4.042282272571094,5.871950745889241,6.06342340885664,8.807926118833862,5.389709696761458,7.829267661185655
1,Boise,826544,56278.719947,44,84,18,5.323370564664434,0.781823041487735,10.16279835072301,1.4925712610220396,2.177742503726359,0.3198366987904371
1,Boston,5239555,9116.757963,659,1924,240,12.577403997095173,72.28446808333898,36.72067570623841,211.03993413102307,4.5805416681378475,26.325147708651528
1,Bowling Green,895238,31637.902095,17,31,24,1.8989363722272736,0.5373301917729447,3.4627663258262045,0.9798374085271345,2.680851349026739,0.7585838001500396
1,Bozeman,407356,103807.01063,29,42,58,7.119080116654719,0.279364561449177,10.310391893086146,0.40459695106432525,14.238160233309438,0.558729122898354
1,Carbondale,214339,6913.160252,4,6,0,1.8662026042857343,0.5786065784953831,2.7993039064286016,0.8679098677430745,0,0
1,Cedar Rapids,269205,5579.330784,14,31,1,5.200497761928642,2.509261512177802,11.51538790141342,5.556221919822276,0.37146412585204586,0.17923296515555726
1,"Central Atlantic Coast, FL",1920727,16237.0845,96,156,91,4.998107487425335,5.91239147643778,8.121924667066168,9.607636149211393,4.737789389121931,5.604454420373313
1,Central Oregon,246754,20146.958622,38,81,30,15.39995298961719,1.8861407675948123,32.82621558313138,4.0204579519784165,12.157857623381991,1.4890585007327466
1,Champaign,505469,19973.397976,25,39,16,4.945901726911047,1.251664840906888,7.715606693981233,1.9525971518147454,3.16537710522307,0.8010654981804084
1,"Charleston, SC",902641,14391.265196,36,74,11,3.9882965653011553,2.501517379445281,8.19816516200793,5.142007946637523,1.2186461727309086,0.7643525326082803
1,Charlottesville-Harrisonburg,590243,15998.961712999999,56,117,41,9.487617811647068,3.500227140021033,19.822344356476908,7.312974560401087,6.9462916120987455,2.562666298943971
1,Chattanooga,711702,11612.043236,54,110,19,7.587445307165078,4.650344379754598,15.45590710718812,9.472923736537146,2.6696566821506753,1.636232281765507
1,Chicago,8804081,17758.456531,478,1181,235,5.429300343783752,26.91675366975619,13.414233694578686,66.5035273723474,2.6692166962116772,13.23313203429436
1,Cincinnati,2203005,11901.925745999999,73,165,53,3.3136556657837817,6.133461219461385,7.489769655538684,13.863302756316827,2.405804798445759,4.453060885362374
1,Coastal Georgia,291522,12915.074755,33,98,13,11.319900384876613,2.555153619008224,33.61667387023964,7.588031959478968,4.459354697072605,1.006575668094149
1,Coeur D'Alene,355638,54368.692762,12,24,10,3.374217603293236,0.22071525707874257,6.748435206586472,0.44143051415748513,2.8118480027443638,0.18392938089895214
1,College Station,374360,15254.093896999999,19,39,11,5.075328560743669,1.2455672639944024,10.417779677315952,2.5566906997779837,2.938348114114756,0.7211178896809698
1,Colorado Springs,955555,50824.942225,58,115,33,6.069770970797077,1.1411719809387348,12.034890717959719,2.2626685828957673,3.4534903799362673,0.6492875063961767
1,"Columbia, MO",637609,31063.993341,19,58,20,2.9798826553577507,0.6116406152753945,9.096483895302608,1.8671134571564676,3.136718584587106,0.6438322266056784
1,"Columbus, GA",356783,8468.668682,19,39,8,5.325365838618993,2.2435639784071553,10.93101408979688,4.605210271467319,2.242259300471155,0.9446585172240655
1,Connecticut,3565287,12542.497381,379,776,229,10.630280255137945,30.2172676212098,21.765428701812787,61.86965613208128,6.423045325663825,18.257926874029142
1,Cookeville,233323,8027.3180919999995,12,23,14,5.143084908045927,1.4948952891201812,9.857579407088028,2.8652159708136806,6.000265726053582,1.7440445039735446
1,Corpus Christi,711208,24063.825408,24,55,22,3.3745402188951754,0.9973476616075023,7.73332133496811,2.2855883911838593,3.0933285339872443,0.9142353564735437
1,Dallas-Fort Worth,7861298,34090.117451,428,987,154,5.444393533994004,12.554958210841983,12.555178546850659,28.952672322665975,1.9589640285866277,4.517438234742209
1,Dayton,1253664,12587.058823,46,97,14,3.6692447099063226,3.654547154093331,7.737320366541593,7.706327694501154,1.1167266508410547,1.112253481680579
1,Denver,3286372,41318.974548,501,1323,151,15.244774480795234,12.125179907792518,40.25715895826766,32.019187660697604,4.594732428343474,3.6544953414703993
1,Detroit,3880899,5071.480496,159,367,65,4.096988867785531,31.351791676100728,9.456571789165347,72.365456258672765,1.674869662931192,12.816770182053757
1,Dickinson,42667,20671.071219999998,2,1,8,4.687463379192351,0.09675357308357241,2.3437316895961753,0.048376786541786204,18.749853516769402,0.38701429233428963
1,Dothan,345721,14358.39618,4,6,0,1.1570023226821626,0.27858264599020144,1.735503484023244,0.41787396898530205,0,0
1,DuBois,252626,14716.468053,5,4,16,1.9792103742290976,0.33975543465952307,1.583368299383278,0.27180434772761847,6.333473197533112,1.0872173909104739
1,Dubuque,232107,11681.097185,6,13,9,2.585014669958252,0.5136503793243631,5.600865118242879,1.1129091552027865,3.8775220049373784,0.7704755689865446
1,Duluth,294195,31014.454579,20,42,14,6.798212070225531,0.64486060681983,14.276245347473614,1.3542072743216433,4.7587484491578715,0.4514024247738811
1,Eagle Pass,113346,20466.466756,2,3,0,1.7645086725601258,0.0977208242069274,2.6467630088401886,0.1465812363103911,0,0
1,Eastern Alabama,364449,10919.898546,5,9,12,1.3719340703363159,0.4578797118798799,2.4694813266053686,0.8241834813837838,3.292641768807158,1.0989113085117117
1,Eastern Idaho,600568,90654.10638699999,20,21,45,3.3301807622117727,0.22061879816696361,3.4966898003223617,0.2316497380753118,7.492906714976489,0.4963922958756682
1,Eastern North Carolina,1181708,25047.587671,45,69,15,3.808047334874605,1.7965801973058197,5.839005913474394,2.7547563025355903,1.2693491116248683,0.5988600657686066
1,Eastern Shore,456675,8511.630259,57,107,63,12.481524059779932,6.696719460966896,23.43022937537636,12.571034777604524,13.795368697651503,7.401637298963411
1,Eastern Washington,1119102,103735.622898,121,189,106,10.812240528566655,1.1664266972106152,16.888540990901635,1.8219392212628616,9.471880132463351,1.0218283463167372
1,Eastern WV,663431,30080.191495,28,41,22,4.2204841196748415,0.9308451378926302,6.17999460380959,1.3630232376284945,3.3160946654588046,0.7313783226299239
1,Eau Claire,769271,59401.05801,11,17,11,1.42992521491126,0.18518188679649747,2.2098844230446746,0.2861901886854961,1.42992521491126,0.18518188679649747
1,El Paso,844124,14461.902958,23,46,13,2.7247181693684817,1.5903854469772192,5.449436338736963,3.1807708939544383,1.5400580957300112,0.8989135135088631
1,Erie,560887,11576.12847,18,28,26,3.209202566648897,1.5549240012883168,4.99209288145384,2.418770668670715,4.635514818492851,2.246001335194235
1,"Evansville, IN",541474,14586.523301,14,36,0,2.585535039540218,0.9597900549091235,6.648518673103417,2.4680315697663175,0,0
1,Fairbanks,166654,942834.518178,0,0,0,0,0,0,0,0,0
1,Fargo - Moorhead,326842,38524.702433,12,16,17,3.6714987669883303,0.31148845395677555,4.895331689317775,0.4153179386090341,5.201289919900136,0.4412753097720987
1,"Fayetteville, AR",709412,7549.33373,28,50,13,3.9469306975354237,3.708936576579189,7.048090531313257,6.623101029605695,1.8325035381414467,1.7220062676974806
1,"Fayetteville, NC",847161,14347.113226,23,32,40,2.7149502868994206,1.603109952343524,3.7773221382948456,2.230413846738816,4.721652672868557,2.7880173084235196
1,Flagstaff,378575,69255.973598,48,130,61,12.679125668625769,0.6930810081252856,34.33929868586146,1.877094397005982,16.113055537211913,0.8807904478258838
1,Flint,405813,1649.653741,9,15,12,2.217770253786843,5.455690352658073,3.696283756311405,9.092817254430122,2.9570270050491234,7.274253803544097
1,"Florence, SC",388099,12940.480545999999,14,20,22,3.6073269964622425,1.0818763607915245,5.153324280660347,1.5455376582736067,5.668656708726382,1.7000914241009673
1,Florida Keys,74228,2546.034512,29,62,9,39.06881500242496,11.39026194001568,83.52643207414992,24.35159449244732,12.124804655924988,3.534908877935901
1,Fort Collins,739381,28323.477044,103,230,39,13.930571653856402,3.636559163975221,31.10710175132983,8.12047191955632,5.274682470877667,1.3769495863595496
1,Fort Myers-Naples,1197501,10190.62848,58,117,39,4.843419754973064,5.691503729512863,9.770346747100838,11.481136833672501,3.2567822490336127,3.827045611224167
1,Fort Wayne,605075,7397.630802,22,44,12,3.6359129033590873,2.973925110462684,7.271825806718175,5.947850220925368,1.9832252200140477,1.622140969343282
1,Fresno,1793602,63473.210488000004,164,494,172,9.14361157045989,2.58376721043605,27.54234216955601,7.78281098753298,9.58964140316525,2.7098046353353693
1,Gainesville,528345,15874.84857,28,67,35,5.2995675174365235,1.763796352231913,12.681107988151682,4.220512699983506,6.624459396795655,2.204745440289891
1,Gallup,98042,25875.698375,3,2,8,3.0599130984680034,0.11593889975539647,2.0399420656453358,0.07729259983693097,8.159768262581343,0.3091703993477239
1,Golden Triangle,209021,11086.670972,13,32,0,6.219470770879481,1.1725792199328562,15.309466512934106,2.886348849065492,0,0
1,Grand Forks,165876,37370.187602,3,3,0,1.8085799030601173,0.08027789509516522,1.8085799030601173,0.08027789509516522,0,0
1,Greater Maine,639460,67906.63954,78,137,60,12.197791886904575,1.14863584074212,21.424326775717013,2.0174757715598775,9.382916836080442,0.8835660313400925
1,Greater Williamsport,730503,21095.25691,15,36,20,2.0533796575784082,0.7110603138892988,4.92811117818818,1.7065447533343172,2.737839543437878,0.9480804185190651
1,Green Bay,1458530,29336.041464,54,99,34,3.702357853455191,1.8407391490179956,6.787656064667851,3.3746884398663255,2.331114204027343,1.1589839086409603
1,Gulfport-Biloxi,497700,9080.206972,13,39,6,2.612015270243118,1.4316854274453426,7.836045810729356,4.295056282336028,1.2055455093429777,0.6607778895901582
1,Hampton Roads,1769157,9395.336378,105,229,39,5.935030073645244,11.175757394473566,12.944017970140582,24.373794698423303,2.2044397416396624,4.1509956036616105
1,Harrisburg,719734,5137.573946,37,79,26,5.140788124501552,7.201842813144786,10.97627734690872,15.376907628065894,3.612445709109199,5.060754409236877
1,"Hattiesburg, MS",372577,16670.166409,5,5,16,1.3420044715588992,0.299937017863275,1.3420044715588992,0.299937017863275,4.294414308988478,0.9597984571624799
1,Honolulu,974563,1555.472299,178,395,19,18.264596542245087,114.43469621055591,40.53098670891466,253.942162939155,1.9495917657452622,12.214939483149227
1,Houston,7267684,33614.541311,271,684,128,3.728835761158576,8.061987146952921,9.411526422998028,20.348336562788923,1.7612213189236077,3.8078758480072836
1,"Huntsville, AL",739903,9285.052574,18,37,10,2.4327513201054733,1.9385996855207468,5.000655491327917,3.984899353570424,1.3515285111697075,1.0769998252893038
1,Indianapolis,3002848,34202.597374,87,197,84,2.8972495444324853,2.543666466282334,6.560438623599996,5.759796481122066,2.7973443877279167,2.4559538295139776
1,Inland Empire,2180085,51975.576263,172,503,269,7.889600634837633,3.3092466186361866,23.0724948797868,9.677622378918615,12.338968434716994,5.175507793099618
1,Iowa City,474346,21093.439212,31,71,16,6.535313884801389,1.4696512829621537,14.967976961964473,3.365975519042352,3.3730652308652336,0.7585296944320793
1,Jackson,782329,29410.610718,17,47,8,2.1729988278588674,0.5780226790596903,6.007702641727457,1.598062700929732,1.0225876836982906,0.2720106724986778
1,"Jackson, TN",453614,18291.644082,11,15,11,2.4249692469809134,0.601367485103464,3.306776245883064,0.8200465705956328,2.4249692469809134,0.601367485103464
1,Jacksonville,1634035,10177.584053,112,248,41,6.854198349484559,11.00457627436506,15.177153488144377,24.36727603609406,2.50912618150774,4.028460957580067
1,Johnstown-Altoona,433030,11947.685363,12,12,25,2.7711705886428195,1.0043786420055896,2.7711705886428195,1.0043786420055896,5.77327205967254,2.0924555041783117
1,Jonesboro,379349,22353.558753999998,5,7,0,1.3180474971596077,0.22367803064490965,1.8452664960234508,0.31314924290287355,0,0
1,Juneau,72200,78959.066605,14,19,4,19.39058171745152,0.1773070605056198,26.31578947368421,0.2406310106861983,5.540166204986149,0.050659160144462805
1,Kalamazoo,494144,4500.333191,25,46,15,5.059253982644735,5.555144239096851,9.309027328066314,10.221465399938207,3.035552389586841,3.3330865434581107
1,Kansas City,2264168,18985.328148,421,1971,85,18.594026591666342,22.17501834669895,87.05184420944029,103.81700988442667,3.7541383854908292,4.477141471423778
1,Kauai,72293,1605.492324,16,29,0,22.132156640338625,9.96579040635762,40.11453391061375,18.062995111523186,0,0
1,Killeen,460303,7294.517178,9,16,1,1.9552338351042684,1.23380338689772,3.4759712624075885,2.1934282433737247,0.21724820390047428,0.1370892652108578
1,La Crosse,258414,11760.991905,11,17,11,4.256735316198038,0.9352952615606787,6.5785909432151515,1.445456313321049,4.256735316198038,0.9352952615606787
1,"Lancaster, PA",545724,2444.751463,48,116,12,8.79565494645645,19.63389764826986,21.25616612060309,47.44858598331883,2.1989137366141125,4.908474412067465
1,Laredo,379262,36497.032727,4,5,8,1.054679878289942,0.1095979508778218,1.3183498478624276,0.13699743859727723,2.109359756579884,0.2191959017556436
1,Las Cruces,218195,9863.164217,4,10,0,1.8332225761360252,0.405549366511171,4.583056440340063,1.0138734162779275,0,0
1,Las Vegas,2266715,20439.276974,152,392,110,6.705739362910643,7.436662274959785,17.293748883295873,19.17876060384366,4.852837696843229,5.381795067405108
1,Lawrence,122259,1180.425074,4,8,2,3.2717427755829833,3.3886098220919356,6.543485551165967,6.777219644183871,1.6358713877914917,1.6943049110459678
1,Lawton,285950,26881.697283,9,6,17,3.1474033922014337,0.33480028828728775,2.0982689281342894,0.22320019219152515,5.945095296380486,0.6324005445426546
1,Lehigh Valley,964865,5826.292009,51,126,21,5.285713545418271,8.753423261521942,13.058821700445142,21.626104528465973,2.1764702834075234,3.6043507547443285
1,Lexington,1665171,45567.08552,42,76,21,2.5222634792462757,0.9217179356701591,4.564095819588498,1.667870550260288,1.2611317396231378,0.46085896783507957
1,Little Rock,1234178,39231.178296,47,179,17,3.8082027065787916,1.1980267236783992,14.50358052080008,4.562697522094329,1.3774350215284992,0.4333288149475061
1,Los Angeles,10039107,10511.861492,1768,5706,701,17.611128161100385,168.19095279608922,56.8377247099767,542.8153714109078,6.982692783332222,66.68657121609645
1,Louisville,1756294,25585.554212,74,134,25,4.213417571317786,2.892257067673481,7.629702088602478,5.237330365787114,1.4234518822019548,0.9771138742140139
1,Lubbock,503668,59513.617862,6,8,1,1.1912609099645004,0.10081726192335982,1.5883478799526671,0.1344230158978131,0.1985434849940834,0.01680287698722664
1,Macon,725914,20511.603317,31,78,33,4.270478321123439,1.5113396803216852,10.745074485407363,3.8027256472610147,4.545993051518499,1.6088454661488907
1,Madison,1075542,25935.385496,92,164,38,8.553826814759443,3.547277136643645,15.248126061092918,6.323407069669107,3.533102380009335,1.465179686874549
1,Manhattan,169304,12476.356178,7,12,0,4.134574493219297,0.5610612505871985,7.0878419883759385,0.9618192867209117,0,0
1,Mankato,130814,4260.6952249999995,9,14,6,6.879997553778647,2.112331327336374,10.702218416989007,3.2858487314121376,4.586665035852431,1.4082208848909161
1,Maui,167503,3039.4064500000004,57,93,52,34.029241267320586,18.753661590735913,55.52139364668095,30.59807943751649,31.044220103520534,17.10860355646083
1,Memphis,1391055,16938.57089,43,100,20,3.091178997235911,2.5385848829422706,7.188788365664909,5.90368577428435,1.4377576731329818,1.18073715485687
1,Meridian,188713,11832.518302,2,3,8,1.0598103999194546,0.169025726303922,1.5897155998791817,0.25353858945588303,4.239241599677818,0.676102905215688
1,Miami,6327488,14531.810571,460,1312,235,7.269867599906945,31.654692837655485,20.734926719734595,90.28468913696521,3.7139540999524616,16.17141916706313
1,Midland-Odessa,435617,26405.145675,5,4,12,1.14779726227397,0.1893570314491363,0.9182378098191761,0.15148562515930902,2.754713429457528,0.45445687547792707
1,Milwaukee,2217527,10481.440924,80,171,48,3.607622364913708,7.632538367584467,7.71129280500305,16.3145507607118,2.164573418948225,4.57952302055068
1,Minneapolis - St. Paul,3257025,8926.588736,233,569,85,7.1537676253636375,26.10179620579308,17.46993038125283,63.74215468281656,2.6097435543172067,9.522114495675586
1,Mississippi Delta,212924,16555.30979,3,9,0,1.4089534293926471,0.18121074374652338,4.226860288177941,0.5436322312395702,0,0
1,Missoula,324449,50750.545144,20,29,12,6.164297008158447,0.39408443679278404,8.938230661829747,0.5714224333495368,3.6985782048950684,0.2364506620756704
1,"Mobile, AL",636444,7301.779995000001,36,70,8,5.656428531025511,4.93030466881384,10.998611032549604,9.586703522693577,1.2569841180056691,1.0956232597364088
1,Modesto,828340,8889.174036,45,91,58,5.432551850689331,5.062337605018852,10.985827075838424,10.237171601260343,7.001955718666249,6.5247906909131865
1,Myrtle Beach,447418,6309.601532000001,28,53,11,6.258129981359713,4.437681184460572,11.84574603614517,8.39989652772894,2.4585510641056016,1.7433747510380817
1,Nacogdoches,335475,20817.74939,2,1,8,0.5961696102541173,0.09607186456768081,0.29808480512705865,0.048035932283840406,2.384678441016469,0.38428745827072325
1,New Hampshire,1359711,23189.198255,108,188,57,7.942864329258203,4.6573408365558,13.826467536116132,8.107222937708245,4.1920672848862734,2.458040997071117
1,New Jersey,8882190,19048.848841,413,808,355,4.6497541709871095,21.681100178141733,9.096855617814976,42.41726136546857,3.996762059807322,18.63629676329374
1,New York City,8336817,777.9827270000001,500,1343,107,5.997492808106499,642.6877906763602,16.10926568257406,1726.2594057567037,1.2834634609347908,137.5351872047411
1,North Georgia,660427,12874.737685,31,70,5,4.693932864646661,2.4078160470886516,10.599203242750523,5.437003977296955,0.7570859459107516,0.38835742694978254
1,Northern Missouri,312940,42115.90051,12,26,14,3.834600881958203,0.28492801660861367,8.30830191090944,0.6173440359853295,4.473701028951237,0.33241601937671594
1,Northwest IL,334877,20838.111493,14,25,0,4.1806394586669136,0.6718459110223555,7.465427604762346,1.1997248411113488,0,0
1,NW Indiana,848664,8338.199809,33,63,20,3.88846469274059,3.957688800450764,7.423432595232036,7.555587709951459,2.35664526832763,2.3985992730004635
1,NYC Suburbs,5081871,12336.110746999999,397,863,246,7.812083384249619,32.181941954156486,16.981934409590483,69.95721890790189,4.840736807368782,19.941455215925682
1,"Ocala, FL",497999,5556.945599000001,11,24,14,2.2088397767867005,1.9795047124412202,4.819286785716437,4.318919372599026,2.811250625001255,2.5193696340160985
1,Olympia,290536,1871.240012,37,88,20,12.73508274361869,19.772984631968203,30.28884544428229,47.02763912468114,6.883828510064157,10.688099801063895
1,Orange County,3175692,2053.367783,602,2118,392,18.956498300212992,293.1768994254255,66.69412524892212,1031.4762009685237,12.343766335022414,190.90588799795148
1,Orlando,3332924,13693.398858,295,642,101,8.851086913472974,21.543227000041277,19.26236541847339,46.88390418314068,3.030372129697527,7.375816701709047
1,Oxford,527940,25667.457582,11,25,16,2.0835701026631814,0.4285582225998904,4.735386596961776,0.9739959604542964,3.0306474220555364,0.6233574146907497
1,Palm Springs,2470546,18671.212657,291,804,323,11.778772789496735,15.585490098893045,32.54341348025902,43.060941716529236,13.074033027516993,17.299358425919085
1,"Panama City, Fl",293953,10000.14439,9,17,4,3.0617139474677924,0.8999870050876335,5.783237456328052,1.699975454054419,1.36076175443013,0.39999422448339267
1,Peninsula and SW WA,758695,30336.404427999998,98,167,73,12.916916547492734,3.2304421650427244,22.011480239094762,5.504937158797295,9.62178477517316,2.4063497760012127
1,"Pensacola, FL",787438,9420.615741,32,60,9,4.063812008056507,3.396805567679719,7.619647515105951,6.369010439399473,1.1429471272658926,0.9553515659099209
1,"Peoria, IL",520958,7708.222492,51,90,12,9.789656747760857,6.616311354911005,17.275864848989745,11.675843567490007,2.303448646531966,1.5567791423320012
1,Philadelphia,4693738,6688.149332,244,531,79,5.198415420715856,36.48243899587618,11.312945034426718,79.3941602738125,1.6830935173629205,11.811937215877942
1,Phoenix,5002221,50050.772201,367,885,164,7.336741019639076,7.332554201684573,17.69214115090077,17.682044873272062,3.278543670901385,3.276672722278665
1,Pierre,22015,8269.006655,1,3,0,4.542357483533954,0.1209335101206301,13.627072450601862,0.3628005303618903,0,0
1,Pittsburgh,2523418,18242.405701,135,360,47,5.349886542776503,7.400339747547641,14.266364114070678,19.73423932679371,1.8625530926703384,2.5764145787758457
1,"Portland, ME",704752,11981.0195,109,171,67,15.466433582309806,9.097723278056595,24.263854519036485,14.272575050896126,9.506890367107863,5.592178528713687
1,Rapid City,167951,18253.593006,15,23,20,8.931176355008306,0.8217560233248032,13.694470411012736,1.260025902431365,11.908235140011074,1.0956746977664045
1,"Reading, PA",421164,2218.082423,9,21,0,2.1369347807504915,4.057558865566107,4.98618115508448,9.46763735298758,0,0
1,Reno,662882,37260.259983,87,212,74,13.12450783095634,2.3349273472513006,31.981559312215445,5.689708018589377,11.16337447690539,1.9860301574321408
1,Rhode Island,1059361,2677.78714,124,374,24,11.705169437047427,46.306892040716875,35.304301366578535,139.66756147764605,2.265516665234986,8.962624265945202
1,Richmond,1453153,20063.782102,85,174,74,5.849349655542121,4.23648939008,11.973962824286225,8.672342986752,5.09237499423667,3.688237821952
1,Rio Grande Valley,1390558,20238.735589,17,33,10,1.2225308113721254,0.8399734225116172,2.373148045604714,1.6305366436990216,0.7191357713953679,0.4941020132421277
1,Roanoke-Blacksburg,1380238,39317.930264,59,104,41,4.2746251008883975,1.5005876353064582,7.534932381227006,2.645103628336808,2.9705021887529544,1.0427812380943187
1,"Rochester, MN",158293,1692.860704,11,20,9,6.949138622680725,6.497876626238942,12.634797495783136,11.814321138616258,5.685658873102412,5.316444512377316
1,Rockford,431257,5482.5448369999995,10,23,12,2.3188029411696505,1.8239704913151085,5.333246764690196,4.195132130024749,2.7825635294035806,2.18876458957813
1,Rockies,748459,139892.348685,217,485,91,28.99290408693061,1.5511927710115563,64.7998086735546,3.4669515849797454,12.158314617099935,0.6505001942951687
1,Sacramento,4368893,141425.429011,552,1475,567,12.634779565441406,3.9031170268330295,33.76141278809071,10.42952466409188,12.978115966676228,4.00917998951871
1,San Angelo,176614,32475.060664,6,6,12,3.397239176962189,0.18475716064331354,3.397239176962189,0.18475716064331354,6.794478353924378,0.3695143212866271
1,San Diego,3519545,21718.968173,495,1719,251,14.064317972919794,22.79113796093503,48.84154059686692,79.14740637342892,7.131603658995694,11.556718440797358
1,San Francisco Bay Area,8660595,43474.138505,2051,8175,1505,23.6819756610256,47.17747310309812,94.39305267132339,188.04282916520097,17.37755893215189,34.61828231114709
1,San Luis Obispo,283111,8548.557892,114,299,48,40.26689178449442,13.335582614078644,105.61228634705115,34.97665966324136,16.95448075136607,5.614982153296272
1,Santa Barbara,446499,7084.063392,96,242,39,21.500608064071812,13.551544458003066,54.19944949484769,34.161184987882734,8.734622026029173,5.505314936063746
1,Santa Fe,197004,17459.365799,23,38,20,11.674889849952287,1.3173445281338538,19.288948447747252,2.1764822638733237,10.152078130393292,1.1455169809859598
1,Sarasota,1090843,8430.390661,69,176,26,6.325383212799641,8.184674088616354,16.134310803662853,20.876849849224325,2.3834777323592857,3.0840800913626842
1,Savannah-Hilton Head,756591,9772.585147,59,114,32,7.798136641858018,6.037297103327044,15.06758605375956,11.665285928462426,4.229497839651806,3.2744662255333123
1,Seattle,3074865,10882.629315999999,550,1505,243,17.886964143141245,50.539257014972655,48.945238246231945,138.293785104607,7.902785975969677,22.32916264479701
1,Shreveport-Alexandria,829600,37208.486352,9,12,16,1.0848601735776278,0.24188030426333748,1.446480231436837,0.32250707235111664,1.9286403085824493,0.4300094298014889
1,Sioux City,346418,27025.035565,9,12,8,2.598017424036857,0.3330245386117404,3.464023232049143,0.44403271814898726,2.309348821366095,0.2960218120993248
1,Sioux Falls,524420,45676.485578,14,32,14,2.6696159566759468,0.306503440946496,6.101979329545021,0.7005792935919909,2.6696159566759468,0.306503440946496
1,South Alabama,184426,24097.847552,3,2,10,1.6266686909654822,0.12449244661899336,1.084445793976988,0.08299496441266226,5.422228969884941,0.4149748220633112
1,South Bend,698063,7648.025308,28,51,16,4.011099284735046,3.661075751241486,7.305930840053118,6.668387975475564,2.2920567341343117,2.0920432864237064
1,South Georgia,818796,39343.119167,15,38,11,1.8319581434203391,0.3812610773520371,4.640960629998192,0.965861395958494,1.343435971841582,0.2795914567248272
1,South Tennessee,374160,13922.024586,10,20,1,2.6726534103057515,0.7182863338753194,5.345306820611503,1.4365726677506387,0.26726534103057514,0.07182863338753194
1,Southern Arkansas,308436,36676.40338,2,1,4,0.6484327380720798,0.05453097402376753,0.3242163690360399,0.027265487011883766,1.2968654761441596,0.10906194804753506
1,Southern IL,416973,26994.902429,9,11,19,2.1584131346633955,0.3333962781925638,2.6380604979219275,0.4074843400131335,4.556649950956057,0.7038365872954124
1,Southern Utah,389533,134168.677383,61,122,80,15.659777220415215,0.4546515713639216,31.31955444083043,0.9093031427278432,20.537412748085526,0.5962643558871102
1,Spokane,522798,4568.46394,66,149,28,12.62437882317836,14.446868984151378,28.500491585660235,32.61490119149327,5.35579707649991,6.12897472054907
1,"Springfield, IL",680349,28864.08309,16,32,14,2.3517341834852408,0.5543221293436209,4.7034683669704815,1.1086442586872418,2.0577674105495856,0.48503186317566827
1,"Springfield, Mo",1651786,78955.617446,52,136,40,3.1481075635705835,0.6585978513253257,8.23351208933845,1.722486688081621,2.421621202746603,0.506613731788712
1,St Cloud,299202,5656.541139,5,7,3,1.6711118241188225,0.8839324027057165,2.339556553766352,1.2375053637880031,1.0026670944712937,0.5303594416234299
1,St Louis,2677802,14303.276069,89,156,73,3.3236213879891046,6.22235070977151,5.825673444115734,10.906592255329837,2.72611641936185,5.103725863071014
1,State College,162385,2871.502921,20,48,9,12.316408535271115,6.964993785566134,29.559380484650674,16.715985085358724,5.542383840872001,3.1342472035047604
1,Stillwater,81784,1773.885714,8,10,6,9.781864423359092,4.5098734021373375,12.227330529198866,5.637341752671672,7.336398317519319,3.382405051603003
1,Tacoma,904980,4320.226613,80,185,21,8.839974364074344,18.517547148862953,20.442440716921922,42.821827781745576,2.320493270569515,4.860856126576525
1,Tallahassee,447768,14266.289258,21,43,14,4.689928713083561,1.4720015569727767,9.603187364885386,3.0140984261823522,3.1266191420557075,0.9813343713151845
1,Tampa Bay,2446964,3355.851126,197,432,81,8.050792737449346,58.70343844329405,17.654530266893996,128.73038277920318,3.3102244250426245,24.136946771100597
1,Taos,44664,15437.229548,5,18,0,11.194698190936773,0.3238923139967032,40.300913487372384,1.1660123303881316,0,0
1,Terre Haute,224073,6030.971993,5,6,12,2.2314156547196675,0.8290537587976492,2.6776987856636008,0.9948645105571791,5.3553975713272015,1.9897290211143581
1,Texarkana,178787,7718.023659,1,0,8,0.5593247831218153,0.1295668482220702,0,0,4.474598264974523,1.0365347857765617
1,The Shoals,265594,10206.325453,3,13,1,1.1295435890871028,0.2939353652609808,4.894688886044112,1.2737199161309167,0.376514529695701,0.09797845508699358
1,Topeka,896839,147789.493719,33,57,60,3.6795902051538794,0.2232905680206514,6.3556558089021555,0.38568370839930693,6.690164009370689,0.4059828509466389
1,Traverse City,1063419,84246.748864,55,105,77,5.171997114965973,0.65284418380093,9.873812674025949,1.24633889634723,7.2407959609523624,0.913981857321302
1,Tri-Cities,512260,7503.754365,18,37,10,3.513840627806192,2.3987992042967146,7.22289462382384,4.930865031054358,1.9521336821145514,1.332666224609286
1,"Tri-Cities, MI",446693,6039.652462,9,12,8,2.0148065897607528,1.49015196762161,2.6864087863476707,1.9868692901621465,1.7909391908984469,1.3245795267747642
1,Tucson,1219699,43083.604940000005,57,113,44,4.673284146334464,1.3230090675880195,9.264580851505167,2.622807449779758,3.607447411205552,1.0212701574363658
1,Tulsa,1632854,62519.474475,99,150,124,6.063003795807831,1.5835065926471865,9.186369387587623,2.399252413101798,7.594065360405769,1.9833819948308196
1,Tuscaloosa,316975,16192.688165,10,21,0,3.1548229355627417,0.6175626862014607,6.625128164681757,1.2968816410230672,0,0
1,Tyler,975736,32508.92685,13,22,20,1.332327596808973,0.39989016124658694,2.2547082407536467,0.6767371959557625,2.0497347643214967,0.6152156326870568
1,Upstate NY,6034873,108935.907331,840,2137,209,13.919099871695725,7.710956107866928,35.41085288787353,19.61703952679955,3.4632046109338175,1.9185593173145092
1,Ventura,846006,4771.987962,147,370,109,17.37576329245892,30.80477175772054,43.73491440959047,77.53582007045307,12.884069380122599,22.841633480214547
1,Vermont,623989,23874.197924,226,545,53,36.2185871866331,9.466286604452128,87.34128325980106,22.82799203286022,8.493739472971479,2.219969867415765
1,Waco,480256,19683.625433,9,11,26,1.8740005330490406,0.45723284212223,2.2904450959488276,0.5588401403716144,5.413779317697228,1.3208948772419977
1,Washington D.C.,6008492,20167.725599,688,1695,368,11.450460448312155,34.11391119056647,28.21007334286207,84.0451736453636,6.124664890957664,18.246975753093693
1,Waterloo-Cedar Falls,291096,15597.657878,11,22,8,3.778822106796383,0.7052340861710494,7.557644213592766,1.4104681723420989,2.7482342594882785,0.5128975172153086
1,West Lafayette,253193,5622.405138,14,26,12,5.529378774294708,2.490037565130014,10.268846295118744,4.624355478098598,4.739467520824036,2.134317912968583
1,West Texas,68694,82573.744644,12,11,45,17.468774565464233,0.14532464346549345,16.01304335167555,0.13321425651003566,65.50790462049088,0.5449674129956005
1,Western Arizona,212181,34529.358909,5,6,14,2.3564786667986297,0.14480431024442683,2.8277744001583556,0.1737651722933122,6.598140267036163,0.40545206868439515
1,Western MA,822326,7175.07488,120,273,42,14.592752752557987,16.724564134444265,33.19851251206942,38.048383405860704,5.1074634633952956,5.853597447055494
1,Western WV,993978,31393.12539,33,62,30,3.3199929978329497,1.0511855570300068,6.237562601989179,1.9749546829048612,3.0181754525754094,0.9556232336636425
1,Wichita,875324,47487.579518,22,63,18,2.5133550548139887,0.4632790347139293,7.1973349296946045,1.3266626903171612,2.0563814084841727,0.37904648294776033
1,Wichita Falls,254351,25838.326492,5,7,12,1.9657874354730276,0.193510984604521,2.7521024096622386,0.27091537844632946,4.717889845135265,0.4644263630508505
1,Wilkes-Barre Scranton,645574,8534.377266,18,42,8,2.7882163779830043,2.109116979361808,6.505838215293676,4.921272951844217,1.2392072791035575,0.9373853241608033
1,Willamette Valley,763805,14503.435587,111,215,46,14.53250502418811,7.65335904959606,28.14854576757157,14.82407383480318,6.022479559573451,3.1716623088416105
1,"Wilmington, NC",495861,7383.694482,25,38,12,5.041735486356056,3.3858388996111772,7.663437939261204,5.146475127408989,2.4200330334509066,1.625202671813365
1,Worcester,830622,3912.554985,72,168,39,8.668202864841048,18.402297290653923,20.22580668462911,42.93869367819248,4.695276551788901,9.967911032437542
1,Wyoming,578759,251458.57821100001,54,87,75,9.33030847036504,0.21474709824648877,15.032163646699232,0.34598143606378745,12.95876176439589,0.29825985867567884
1,York-Gettysburg,707094,5685.941507,29,49,15,4.101293463103915,5.100298686558403,6.929771713520409,8.61774605659868,2.12135868781237,2.6380855275302078
1,Youngstown,1522976,35305.489131,30,58,23,1.969827495640115,0.8497262249698868,3.8083331582375557,1.6428040349417812,1.5102010799907548,0.6514567724769131
1,Yuma,213787,14280.777606,4,1,20,1.8710211565717279,0.28009679237070534,0.46775528914293196,0.07002419809267633,9.35510578285864,1.4004839618535265
2,Abilene,412357,38273.653569,11,15,23,2.667591431696321,0.28740397046676314,3.6376246795858926,0.39191450518194976,5.577691175365036,0.6009355746123229
2,Anchorage,477225,215697.649233,7,14,0,1.466813348001467,0.032452833977984104,2.933626696002934,0.06490566795596821,0,0
2,"Birmingham, AL",1250880,14078.527611,31,67,21,2.478255308262983,2.201934808564691,5.356229214632899,4.759020392704332,1.6788181120491172,1.4916332574147906
2,Delaware,415011,3942.4621239999997,32,52,36,7.7106389951109735,8.116755213752816,12.52978836705533,13.189727222348328,8.674468869499844,9.131349615471919
2,Des Moines,977625,34618.212473,50,89,52,5.11443549418233,1.4443264521239163,9.103695179644546,2.570901084780571,5.3190129139496225,1.502099510208873
2,Eugene,382067,11800.116009,38,86,24,9.945899541179951,3.2203073233362485,22.50914106688094,7.288063942287298,6.281620762850496,2.0338783094755253
2,Grand Rapids,1240432,7100.590190999999,79,162,39,6.368748951978021,11.12583572280126,13.059966205322018,22.81500489992157,3.1440659383182634,5.4925011796107475
2,"Greenville, SC",1319808,10732.881615999999,77,169,22,5.83418194161575,7.174214973657454,12.804892832896906,15.746004292832593,1.6669091261759288,2.0497757067592723
2,Knoxville,1246621,17012.276334000002,89,180,16,7.139298952929559,5.231516244662005,14.439031590194615,10.580594652125404,1.2834694746839657,0.940497302411147
2,Lansing,482269,4396.981464,35,54,15,7.25736051871466,7.960006264879719,11.197070514588331,12.28115252295728,3.1102973651634254,3.4114312563770226
2,Lincoln,361350,5207.3692869999995,21,36,12,5.8115400581154,4.0327464488500375,9.962640099626402,6.913279626600064,3.3208800332088,2.3044265422000216
2,Monroe,345778,18234.94604,6,12,8,1.7352173938191557,0.32903853879460127,3.4704347876383115,0.6580770775892025,2.313623191758874,0.438718051726135
2,"Montgomery, AL",474500,14908.738276,14,36,1,2.9504741833508956,0.9390466007802363,7.586933614330874,2.4146912591491794,0.2107481559536354,0.06707475719858831
2,Nashville,2189609,21113.957423,181,461,79,8.266316040900453,8.57252841681076,21.053987264392866,21.833898343368844,3.607950095199645,3.741600800707459
2,Oklahoma City,1881204,81852.173932,116,131,170,6.166263733226168,1.4171889936163313,6.963625422867483,1.600446191066719,9.036765815934901,2.076914904437727
2,Omaha,837395,5783.118938,34,78,4,4.060210533857976,5.879180484529056,9.31460063649771,13.487531699801954,0.4776718275127031,0.6916682922975361
2,"Outer Banks, NC",174964,8346.031171,17,29,18,9.71628449280995,2.0368962985748236,16.5748382524405,3.474705450509993,10.28783063944583,2.1567137279027544
2,Portland,2332958,13760.151545,341,784,156,14.61663690473639,24.781703812259867,33.60540566954055,56.97611668273235,6.68678990363307,11.337084441972255
2,Salt Lake City,2816425,79186.458283,304,983,88,10.793825505738658,3.8390402423802263,34.9024028688852,12.41373867848606,3.1245284358717167,1.1113011227942762
2,San Antonio,2709110,35634.234803,111,250,55,4.0972865627456985,3.1149820001369877,9.228122889066888,7.015725225533756,2.0301870355947154,1.5434595496174264
2,Southern Oregon,419411,24495.004146,55,93,29,13.11362839791994,2.245355815095113,22.173953472846446,3.796692560069918,6.914458609812332,1.1839148843228777
3,Akron,1716726,12752.768264,70,119,26,4.077528970843338,5.489004312703161,6.9317992504336745,9.331307331595372,1.514510760598954,2.0387730304326026
3,Albuquerque,902557,15379.641027000001,33,72,21,3.6562787724210213,2.145693774130766,7.977335503464047,4.681513689012579,2.326722855177014,1.365441492628669
3,Athens,517668,9537.730257,26,62,21,5.022524088798225,2.7260154459618833,11.976788211749616,6.500498371139876,4.056654071721645,2.2017817063538287
3,Augusta,540314,17864.14503,16,34,32,2.9612410561266227,0.8956487966891523,6.292637244269073,1.9032536929644486,5.922482112253245,1.7912975933783046
3,Baton Rouge,967751,12479.362626,21,38,10,2.169979674523715,1.6827782499282269,3.9266298872333896,3.045027309393934,1.0333236545351026,0.8013229761562984
3,Boone,295697,7716.97754,23,42,3,7.778232447403931,2.9804414851257945,14.203728816998481,5.442545320664494,1.0145520583570342,0.388753237190321
3,Charlotte,2846816,19363.364894,170,402,63,5.971583692096715,8.779465807240808,14.121039083663995,20.76085443829885,2.212998662365253,3.2535667403304167
3,Cleveland,2098476,7829.264282,65,119,43,3.0974859850672583,8.302184938301204,5.670782034200058,15.199384733197592,2.04910611319834,5.492214651491567
3,"Columbia, SC",1868553,30301.347417,66,130,24,3.5321449271174004,2.1781209624682214,6.957255159473667,4.2902382594071025,1.2844163371336002,0.7920439863520805
3,Columbus,2185288,12682.213371,221,498,142,10.113083492885147,17.42598027134234,22.788758278085087,39.267593552617576,6.4979993483696425,11.196783703758426
3,Lafayette-Lake Charles,958975,27116.907335,15,20,22,1.5641700774264187,0.553160425512071,2.085560103235225,0.7375472340160947,2.2941161135587476,0.8113019574177042
3,New Orleans,1546690,16859.404029,45,122,10,2.9094388662240007,2.6691334950271743,7.887812037318402,7.236317475407006,0.6465419702720002,0.5931407766727055
3,Piedmont Triad,1711755,13947.316997,64,119,39,3.738852814801184,4.588696163840407,6.95192945252095,8.532106929640756,2.278363434019471,2.7962367248402478
3,Quad Cities,379172,5878.838614,17,25,16,4.483453419556296,2.8917276210841734,6.593313852288672,4.252540619241431,4.219720865464749,2.721625996314516
3,Raleigh-Durham,2161197,13842.949735999999,211,497,83,9.763108129430126,15.242416105237531,22.99651535699892,35.90275262702868,3.8404643352734618,5.995831927652678
3,Toledo,1210870,19024.320751,48,61,51,3.964091933898767,2.523086139486842,5.03770016599635,3.2064219689311946,4.21184767976744,2.680779023204769
3,Unassigned Alaska,15466,241435.81605099997,0,0,0,0,0,0,0,0,0
3,Unassigned Arizona,252254,83159.795364,10,12,28,3.9642582476392842,0.12025041615637519,4.757109897167141,0.14430049938765022,11.099923093389997,0.3367011652378505
3,Unassigned Coastal Oregon,256988,17596.580237000002,62,119,51,24.12564010770931,3.5234118882732544,46.30566407770013,6.762677656524471,19.845284604728626,2.8982904242247733
3,Unassigned Colorado,28969,8060.132869,9,17,0,31.067693051192652,1.1166069029227563,58.683420207808346,2.1091463721874284,0,0
3,Unassigned Eastern Oregon,316078,152228.22754,38,47,51,12.022348913875689,0.24962518853485954,14.869747340846246,0.30874694371416844,16.135257752833162,0.3350232793494168
3,unassigned Florida,897524,4665.7383979999995,21,40,5,2.339770301406982,4.500895294301497,4.456705336013298,8.573133893907613,0.5570881670016623,1.0716417367384516
3,Unassigned Idaho,4315,12748.378763,0,0,0,0,0,0,0,0,0
3,Unassigned Michigan,1447077,29956.948428,27,39,23,1.8658302218886764,0.9012934032614546,2.695088098283643,1.3018682491554343,1.5894109297570205,0.767768454630128
3,Unassigned Minnesota,1447667,150244.921778,56,104,63,3.8682929154287553,0.3727247439533756,7.1839725572248305,0.6922030959134119,4.3518295298573495,0.41931533694754763
3,Unassigned Montana,35590,29335.732213,0,0,0,0,0,0,0,0,0
3,Unassigned Nebraska,735663,187963.313128,38,56,47,5.165408617804619,0.202167111058117,7.6121811209752295,0.2979304794540672,6.388794869389924,0.2500487952560921
3,Unassigned Nevada,150559,226837.512907,24,25,83,15.940594717021234,0.10580260598184059,16.604786163563784,0.11021104789775062,55.12789006303177,0.365900679020532
3,Unassigned New Mexico,636367,230182.155033,18,17,52,2.828556477630047,0.07819893769531976,2.6714144510950444,0.07385455226780199,8.171385379820135,0.22590804223092376
3,Unassigned Northern Arkansas,232688,19584.851337,4,6,4,1.7190400880148524,0.20423948750854895,2.578560132022279,0.30635923126282344,1.7190400880148524,0.20423948750854895
3,Unassigned South Dakota,170273,124147.110077,12,18,20,7.047506063791676,0.09665951944074427,10.571259095687513,0.1449892791611164,11.745843439652793,0.1610991990679071
