STNAME,CSAFP,CSA,POPESTIMATE2019,area_km2,charging_locations,level2,dcfc,charging_locations_per_100kpeople,charging_locations_per_1000km2,level2_per_100kpeople,level2_per_1000km2,dcfc_per_100kpeople,dcfc_per_1000km2
Alabama,142,"Birmingham-Hoover-Talladega, AL",1042174,13780.933391,34,74,21,3.2624110753098807,2.4671768620697776,7.100541752145036,5.369737876269515,2.0150186053384562,1.5238445324548626
Alabama,194,"Columbus-Auburn-Opelika, GA-AL",222503,3234.1377039999998,13,25,10,5.8426178523435635,4.0196185783683624,11.23580356219916,7.730035727631467,4.494321424879665,3.0920142910525867
Alabama,222,"Dothan-Ozark, AL",105882,1501.819549,2,4,0,1.8888951852061728,1.3317179159984418,3.7777903704123457,2.6634358319968836,0,0
Alabama,290,"Huntsville-Decatur, AL",591503,5027.546679,16,34,10,2.7049736011482612,3.182466722155321,5.748068902440055,6.762741784580057,1.6906085007176632,1.9890417013470754
Alabama,380,"Mobile-Daphne-Fairhope, AL",636444,7301.779995000001,36,70,8,5.656428531025511,4.93030466881384,10.998611032549604,9.586703522693577,1.2569841180056691,1.0956232597364088
Alabama,388,"Montgomery-Selma-Alexander City, AL",307695,3635.786644,13,35,1,4.224963031573473,3.5755673456398784,11.374900469620892,9.62652746903044,0.3249971562748826,0.27504364197229836
Alabama,NA,non-CSA,1996984,96692.188322,23,44,23,1.1517368191232378,0.23786823319590644,2.203322610496629,0.4550522722008646,1.1517368191232378,0.23786823319590644
Alaska,NA,non-CSA,731545,1478927.0500669999,21,33,4,2.8706368029307834,0.014199483334251434,4.511000690319802,0.022313473810966537,0.5467879624630064,0.0027046634922383685
Arizona,429,"Phoenix-Mesa, AZ",5002221,50050.772201,367,885,164,7.336741019639076,7.332554201684573,17.69214115090077,17.682044873272062,3.278543670901385,3.276672722278665
Arizona,536,"Tucson-Nogales, AZ",1047279,23798.597214,50,106,33,4.774276959625849,2.100964168198389,10.121467154406801,4.454044036580584,3.151022793353061,1.3866363510109363
Arizona,NA,non-CSA,1229217,220510.913203,74,156,134,6.020092465366164,0.3355842979611462,12.691005737798939,0.7074479794856595,10.901248518365756,0.6076796746863999
Arkansas,284,"Hot Springs-Malvern, AR",99386,1755.025617,4,25,0,4.024711730022337,2.2791690111267475,25.154448312639605,14.244806319542173,0,0
Arkansas,308,"Jonesboro-Paragould, AR",133860,3796.056217,3,5,0,2.2411474675033616,0.7902938809401726,3.7352457791722693,1.317156468233621,0,0
Arkansas,340,"Little Rock-North Little Rock, AR",707179,7770.011909,40,133,17,5.656276557986026,5.147997257722093,18.807119555303537,17.117090881925957,2.403917537144061,2.187898834531889
Arkansas,368,"Memphis-Forrest City, TN-MS-AR",72949,3224.902023,4,4,4,5.483282841437169,1.2403477598612302,5.483282841437169,1.2403477598612302,5.483282841437169,1.2403477598612302
Arkansas,NA,non-CSA,2004430,118230.58431399999,40,81,21,1.995579790763459,0.33832193448157977,4.041049076296004,0.6851019173251991,1.047679390150816,0.1776190156028294
California,260,"Fresno-Madera-Hanford, CA",1309368,24567.640575,138,437,139,10.539435819418223,5.617145023703603,33.37488009482438,17.787625908394745,10.615808542747342,5.657848973150731
California,348,"Los Angeles-Long Beach, CA",18711436,87984.006157,2980,9501,1794,15.926089264340803,33.86979213793065,50.77643426191341,107.98553526928828,9.587719510143422,20.390069495116634
California,454,"Redding-Red Bluff, CA",245164,17416.636242,21,43,33,8.565694800215367,1.205743733072794,17.539279829012415,2.4689038343871497,13.460377543195575,1.8947401519715334
California,472,"Sacramento-Roseville, CA",2639124,18873.782044,357,1083,336,13.527215848895317,18.915127830115573,41.03634387774125,57.38118610648507,12.73149726954853,17.802473251873483
California,488,"San Jose-San Francisco-Oakland, CA",9665887,35134.047611,2000,8038,1538,20.691324034721283,56.92483889541456,83.15843129554483,228.78092752067113,15.911628182700666,43.775201110573796
California,NA,non-CSA,6941244,219683.975853,1036,2998,687,14.925278523561484,4.7158651238779115,43.191105225518655,13.646876101723919,9.897361337535463,3.1272194402549474
Colorado,216,"Denver-Aurora, CO",3591198,29021.991418,526,1386,152,14.646922837448672,18.124187014739608,38.594363218068175,47.756888217545814,4.232570857969959,5.237407654449469
Colorado,233,"Edwards-Glenwood Springs, CO",132955,14510.658094999999,92,214,35,69.196344627881615,6.340167303073652,160.95671467789853,14.747780465845235,26.324696325824526,2.412020169647585
Colorado,444,"Pueblo-Ca√±on City, CO",168424,6179.964847,11,27,5,6.53113570512516,1.7799453997444397,16.030969458034484,4.368956890281806,2.9686980477841636,0.8090660907929271
Colorado,525,"Steamboat Springs-Craig, CO",38921,18402.546626,13,29,4,33.40099175252435,0.706423967519418,74.50990467870815,1.5758688506202403,10.277228231545951,0.21736122077520556
Colorado,NA,non-CSA,1827238,200304.714385,246,514,118,13.462942430050163,1.2281288573526552,28.129887841649527,2.5660903767449788,6.457834173763899,0.5891024600309485
Connecticut,148,"Boston-Worcester-Providence, MA-RI-NH-CT",116782,1328.478482,11,18,0,9.419259817437618,8.280149169928368,15.413334246716103,13.549335005337332,0,0
Connecticut,278,"Hartford-East Hartford, CT",1470083,5645.55614,162,344,60,11.019785957663615,28.695135781609643,23.400039317507925,60.93288091897356,4.08140220654208,10.62782806726283
Connecticut,408,"New York-Newark, NY-NJ-CT-PA",1978422,5568.462759,206,414,169,10.412338722476802,36.99405184438982,20.925768112162118,74.34726924066692,8.54216137911932,30.349489134475146
Delaware,428,"Philadelphia-Reading-Camden, PA-NJ-DE-MD",739539,2622.046685,33,77,49,4.462239313950989,12.585588269188275,10.411891732552306,29.366372628105974,6.6257492843514685,18.687691672431075
Delaware,480,"Salisbury-Cambridge, MD-DE",234225,2424.573396,24,42,16,10.246557796990075,9.898648578588958,17.931476144732628,17.32263501253068,6.831038531326716,6.5990990523926385
District of Columbia,548,"Washington-Baltimore-Arlington, DC-MD-VA-WV-PA",705749,158.340389,155,443,20,21.962482412302393,978.9037464092627,62.77019166870941,2797.7700623180867,2.833868698361599,126.31016082700164
Florida,163,"Cape Coral-Fort Myers-Naples, FL",1155479,7196.009214,58,117,39,5.019563315300408,8.060023031538048,10.125670825692202,16.259011977412957,3.3752236085640672,5.419670659137653
Florida,264,"Gainesville-Lake City, FL",340729,4333.283179,27,67,23,7.9241860833683075,6.230841347006276,19.663721021691725,15.461717416645204,6.750232589535965,5.307753740042384
Florida,300,"Jacksonville-St. Marys-Palatka, FL-GA",1604825,8661.845085,112,248,41,6.9789540915676165,12.930270502523076,15.453398345614008,28.63131325558681,2.5547956942345738,4.733402594673627
Florida,370,"Miami-Port St. Lucie-Fort Lauderdale, FL",6889936,19860.616943,503,1390,268,7.300503226735343,25.326504279479874,20.174352853205022,69.98775536476545,3.889731341481256,13.4940420415519
Florida,412,"North Port-Sarasota, FL",1025905,5130.0515589999995,69,176,26,6.725768955215151,13.450157217026131,17.155584581418356,34.30764739415361,2.5343477222549846,5.068175183227238
Florida,422,"Orlando-Lakeland-Deltona, FL",4133709,19245.089785,336,712,135,8.128293501066477,17.458998827944413,17.22424099035515,36.99644989731078,3.2658322102499233,7.014776314799095
Florida,426,"Pensacola-Ferry Pass, FL-AL",502629,4323.60353,10,14,4,1.9895390039174021,2.3128855202872867,2.785354605484363,3.2380397284022013,0.7958156015669609,0.9251542081149147
Florida,NA,non-CSA,5824525,70196.865422,323,672,168,5.545516587189513,4.601345060897412,11.537421506474777,9.57307703072155,2.8843553766186942,2.3932692576803873
Georgia,122,"Atlanta--Athens-Clarke County--Sandy Springs, GA-AL",6576012,23694.783422,692,2043,256,10.523095152502762,29.204740455972924,31.06746155572709,86.22150975657902,3.892936935029924,10.804065833423511
Georgia,174,"Chattanooga-Cleveland-Dalton, TN-GA",232352,2831.5582759999998,5,10,1,2.151907450764358,1.7658121474594013,4.303814901528716,3.5316242949188026,0.4303814901528715,0.35316242949188026
Georgia,194,"Columbus-Auburn-Opelika, GA-AL",241912,2406.205409,14,28,3,5.787228413638017,5.81828963879617,11.574456827276034,11.63657927759234,1.2401203743510036,1.2467763511706078
Georgia,300,"Jacksonville-St. Marys-Palatka, FL-GA",54666,1632.512482,3,4,8,5.4878718033146745,1.83765823114852,7.317162404419567,2.450210974864693,14.634324808839134,4.900421949729386
Georgia,356,"Macon-Bibb County--Warner Robins, GA",367335,3666.0633040000002,23,55,25,6.261314603835736,6.273759641549278,14.972708835259368,15.00246870805262,6.805776743299713,6.819303958205736
Georgia,496,"Savannah-Hinesville-Statesboro, GA",500027,7005.976096,37,73,23,7.399600421577235,5.281205572643164,14.599211642571301,10.419675859539216,4.5997516134128755,3.2829115721835884
Georgia,NA,non-CSA,2645119,108247.505241,94,247,64,3.553715352693017,0.8683802900650721,9.337954171438033,2.2818077834688597,2.419550878429288,0.5912376442996236
Hawaii,NA,non-CSA,1415872,16634.006436,284,567,87,20.05831035573837,17.073457383385133,40.04599285811147,34.086796959082285,6.144623242779009,5.230249268853896
Idaho,147,"Boise City-Mountain Home-Ontario, ID-OR",738947,12209.562905,44,84,18,5.954418923143337,3.6037326104426994,11.367527035091827,6.879853165390608,2.43589865037682,1.4742542497265587
Idaho,292,"Idaho Falls-Rexburg-Blackfoot, ID",132161,9660.505129,5,7,13,3.7832643518133184,0.5175712794758975,5.296570092538646,0.7245997912662565,9.836487314714628,1.3456853266373336
Idaho,446,"Pullman-Moscow, WA-ID",40108,2786.483015,1,2,0,2.4932681759250026,0.35887532585588,4.986536351850005,0.71775065171176,0,0
Idaho,518,"Spokane-Spokane Valley-Coeur d'Alene, WA-ID",165697,3205.833848,6,11,6,3.6210673699584177,1.871587950118867,6.638623511590434,3.4312445752179226,3.6210673699584177,1.871587950118867
Idaho,NA,non-CSA,710152,186187.512962,20,25,36,2.8162984825783774,0.10741858936631216,3.520373103222972,0.13427323670789018,5.069337268641079,0.1933534608593619
Illinois,145,"Bloomington-Pontiac, IL",207165,5767.584795000001,38,60,12,18.342866796997562,6.588546393447518,28.962421258417205,10.402967989653975,5.79248425168344,2.0805935979307955
Illinois,176,"Chicago-Naperville, IL-IN-WI",8675091,16929.043763,478,1181,235,5.5100286556071865,28.23549910389584,13.613690046594323,69.7617666144372,2.7089053013968383,13.881469224718666
Illinois,209,"Davenport-Moline, IA-IL",190792,3238.796408,7,12,4,3.668916935720575,2.1612967035253052,6.2895718898067,3.7050800631862373,2.0965239632689,1.235026687728746
Illinois,221,"Dixon-Sterling, IL",34096,1877.189067,1,1,0,2.9328953542937586,0.5327113915052436,2.9328953542937586,0.5327113915052436,0,0
Illinois,448,"Quincy-Hannibal, IL-MO",65435,2214.804481,2,6,0,3.0564682509360437,0.9030142467009032,9.16940475280813,2.7090427401027095,0,0
Illinois,466,"Rockford-Freeport-Rochelle, IL",333215,3293.9721499999996,10,23,12,3.0010653782092644,3.0358483753422147,6.902450369881309,6.982451263287094,3.601278453851117,3.6430180504106575
Illinois,476,"St. Louis-St. Charles-Farmington, MO-IL",597419,6266.96336,19,31,10,3.180347461329486,3.0317713553697883,5.188987963221793,4.94657431665597,1.6738670849102555,1.5956691344051517
Illinois,522,"Springfield-Jacksonville-Lincoln, IL",223290,3849.562449,11,23,14,4.926328989206861,2.8574676072231187,10.300506068341619,5.9747049969210675,6.26987325899055,3.636776954647606
Illinois,NA,non-CSA,2345318,100341.947344,65,109,35,2.771479176810991,0.6477849166825713,4.647557388806123,1.0862854756676967,1.4923349413597644,0.34880726282907687
Indiana,144,"Bloomington-Bedford, IN",214600,3183.085699,8,15,8,3.727865796831314,2.5132845158750468,6.989748369058713,4.712408467265712,3.727865796831314,2.5132845158750468
Indiana,176,"Chicago-Naperville, IL-IN-WI",779754,4964.743436,33,63,20,4.232103971252473,6.646869153542299,8.079471217845628,12.689477474944386,2.564911497728771,4.028405547601393
Indiana,178,"Cincinnati-Wilmington-Maysville, OH-KY-IN",49458,790.171242,1,2,1,2.0219175866391685,1.2655484619623756,4.043835173278337,2.531096923924751,2.0219175866391685,1.2655484619623756
Indiana,258,"Fort Wayne-Huntington-Auburn, IN",532121,5426.471361,26,52,18,4.886106731363731,4.791327230962972,9.772213462727462,9.582654461925944,3.382689275559506,3.317072698358981
Indiana,294,"Indianapolis-Carmel-Muncie, IN",2188880,13185.42277,76,174,68,3.4720953181535763,5.763941082944889,7.949270859983188,13.196391426742247,3.1066116004532,5.1572104426349
Indiana,316,"Kokomo-Peru, IN",82544,759.058571,1,0,8,1.211475092072107,1.3174213930323961,0,0,9.691800736576855,10.539371144259169
Indiana,320,"Lafayette-West Lafayette-Frankfort, IN",195732,1292.163432,12,23,12,6.130831953896144,9.286750965724588,11.750761244967608,17.799606017638794,6.130831953896144,9.286750965724588
Indiana,350,"Louisville/Jefferson County--Elizabethtown--Bardstown, KY-IN",196824,1348.873397,6,7,6,3.048408730642605,4.4481565233212175,3.556476852416372,5.189515943874753,3.048408730642605,4.4481565233212175
Indiana,458,"Richmond-Connersville, IN",65884,1040.539262,1,0,8,1.5178191973772084,0.9610401418951935,0,0,12.142553579017667,7.688321135161548
Indiana,515,"South Bend-Elkhart-Mishawaka, IN-MI",603881,4910.926365,23,42,10,3.8086974089265935,4.68343409991243,6.955012659778996,8.55235792157922,1.6559553951854753,2.0362756956141004
Indiana,NA,non-CSA,1822541,55888.592663,30,65,12,1.6460535044204767,0.536782169143095,3.5664492595776998,1.1630280331433724,0.6584214017681906,0.21471286765723796
Iowa,161,"Burlington-Fort Madison-Keokuk, IA-IL-MO",38967,1077.768387,6,15,2,15.397644160443454,5.567058815578341,38.49411040110863,13.917647038945853,5.132548053481151,1.8556862718594471
Iowa,168,"Cedar Rapids-Iowa City, IA",377846,3444.863996,32,76,9,8.469058822906687,9.289191108025387,20.11401470440338,22.06182888156029,2.3819227939425054,2.6125849991321397
Iowa,209,"Davenport-Moline, IA-IL",172943,1186.437845,10,13,12,5.782251955846724,8.428591554241935,7.516927542600741,10.957169020514515,6.9387023470160685,10.11430986509032
Iowa,218,"Des Moines-Ames-West Des Moines, IA",774769,8897.849412,43,84,24,5.550041367168795,4.832628426146262,10.841941275399506,9.44048343712293,3.097697507257002,2.6972809820351227
Iowa,420,"Omaha-Council Bluffs-Fremont, NE-IA",93206,2461.811904,6,3,24,6.437353818423707,2.4372292579506514,3.2186769092118537,1.2186146289753257,25.74941527369483,9.748917031802605
Iowa,NA,non-CSA,1697339,127591.735693,50,80,51,2.945787494425097,0.39187491045897827,4.713259991080156,0.6269998567343652,3.0047032443135993,0.3997124086681579
Kansas,312,"Kansas City-Overland Park-Kansas City, MO-KS",971847,4000.045365,153,654,37,15.743218840002593,38.24956620210731,67.29454327687382,163.49814572665477,3.8071836410463784,9.24989509462726
Kansas,556,"Wichita-Winfield, KS",652290,10598.458104,16,51,16,2.4528967177175796,1.5096535593192926,7.818608287724785,4.812020720330246,2.4528967177175796,1.5096535593192926
Kansas,NA,non-CSA,1289177,197154.971311,46,81,62,3.568167908673518,0.2333189961892353,6.283078273968586,0.4108443193766969,4.809269789951263,0.3144734296463606
Kentucky,150,"Bowling Green-Glasgow, KY",132896,1403.048148,6,11,12,4.514808572116542,4.27640349231978,8.277149048880327,7.840073069252929,9.029617144233084,8.55280698463956
Kentucky,170,"Charleston-Huntington-Ashland, WV-OH-KY",73515,1474.641318,2,3,0,2.7205332245120046,1.3562620113700083,4.080799836768006,2.0343930170550126,0,0
Kentucky,178,"Cincinnati-Wilmington-Maysville, OH-KY-IN",419232,2113.149525,10,29,2,2.3853140981604457,4.7322727907766025,6.917410884665292,13.723591093252146,0.47706281963208913,0.9464545581553203
Kentucky,336,"Lexington-Fayette--Richmond--Frankfort, KY",615288,4792.893242,27,53,11,4.388188945664469,5.633340580883316,8.613852374822846,11.058038918030213,1.787780681567006,2.29506468110061
Kentucky,350,"Louisville/Jefferson County--Elizabethtown--Bardstown, KY-IN",1005624,4451.295144,65,122,19,6.463648441166877,14.602491611371795,12.131770920343985,27.40775348595937,1.8893741597257026,4.268420624862525
Kentucky,424,"Paducah-Mayfield, KY-IL",65418,644.190803,3,4,3,4.585893790699807,4.6570053251753745,6.1145250542664105,6.209340433567165,4.585893790699807,4.6570053251753745
Kentucky,NA,non-CSA,2155700,87402.999879,23,39,19,1.066938813378485,0.2631488625315036,1.809157118337431,0.4462089408142888,0.8813842371387485,0.21738384296080737
Louisiana,217,"DeRidder-Fort Polk South, LA",47429,3439.290592,1,1,0,2.1084146829998525,0.29075763540483063,2.1084146829998525,0.29075763540483063,0,0
Louisiana,318,"Lafayette-Opelousas-Morgan City, LA",379945,4998.407191,9,10,13,2.3687639000381635,1.800573593965126,2.6319598889312927,2.000637326627918,3.421547855610681,2.600828524616293
Louisiana,324,"Lake Charles-Jennings, LA",203436,2756.144275,6,10,9,2.9493305019760516,2.176954252512779,4.915550836626752,3.6282570875212983,4.4239957529640765,3.2654313787691684
Louisiana,384,"Monroe-Ruston, LA",200021,2802.739283,6,12,8,2.9996850330715272,2.1407628017322082,5.9993700661430545,4.2815256034644165,3.99958004409537,2.8543504023096107
Louisiana,406,"New Orleans-Metairie-Hammond, LA-MS",1260651,5998.30297,47,121,14,3.7282324767124284,7.835549527102329,9.598215525153273,20.17237218679536,1.1105373334888087,2.333993476158141
Louisiana,508,"Shreveport-Bossier City-Minden, LA",367243,4453.178526,4,4,8,1.0891970711490757,0.8982348173660443,1.0891970711490757,0.8982348173660443,2.1783941422981514,1.7964696347320885
Louisiana,NA,non-CSA,2190069,87451.043545,23,46,14,1.050195222159667,0.26300429437602774,2.100390444319334,0.5260085887520555,0.639249265662406,0.16008957048975603
Maine,438,"Portland-Lewiston-South Portland, ME",646777,6601.73495,97,152,60,14.997441158235373,14.693107302043382,23.501144907750277,23.02425061763499,9.27676772674353,9.08851998064539
Maine,NA,non-CSA,697435,73285.92409,90,156,67,12.904428369668857,1.2280666596968062,22.367675840759354,2.128648876807797,9.60663000853126,0.9142274022187334
Maryland,428,"Philadelphia-Reading-Camden, PA-NJ-DE-MD",102855,896.909987,6,7,20,5.833454863642992,6.689634508440366,6.805697340916825,7.804573593180427,19.44484954547664,22.29878169480122
Maryland,480,"Salisbury-Cambridge, MD-DE",187814,3583.473442,33,62,29,17.57057514349303,9.208942255082576,33.0113836029263,17.301649085306657,15.440808459433269,8.092706830224081
Maryland,548,"Washington-Baltimore-Arlington, DC-MD-VA-WV-PA",5577137,15523.766416,649,1620,352,11.636795007904594,41.806864559047355,29.047161653013006,104.35611800563439,6.311482038185542,22.674909591347717
Maryland,NA,non-CSA,177874,5147.576451,17,34,8,9.557327096708907,3.302525015766881,19.114654193417813,6.605050031533762,4.497565692568897,1.5541294191844146
Massachusetts,148,"Boston-Worcester-Providence, MA-RI-NH-CT",6041446,12642.445722,725,2080,279,12.00043830566391,57.34649892452194,34.42884369073232,164.52512794897328,4.618099706593421,22.068514758540164
Massachusetts,NA,non-CSA,851057,7561.942106,126,285,42,14.805118811078458,16.66238622747795,33.48776873934413,37.68873075262869,4.935039603692819,5.554128742492649
Michigan,220,"Detroit-Warren-Ann Arbor, MI",5243543,14980.305284,211,469,106,4.023996751814565,14.085160215350388,8.944334012327161,31.30777318009162,2.0215339132338572,7.075957264583607
Michigan,266,"Grand Rapids-Kentwood-Muskegon, MI",1347773,10365.156656,84,167,53,6.2325035447363915,8.104074331705885,12.390810618702112,16.11167158803432,3.9324129508455803,5.113284995004904
Michigan,310,"Kalamazoo-Battle Creek-Portage, MI",442742,4596.33552,21,34,19,4.743168707734979,4.568857062027535,7.679416002999489,7.39719714804458,4.291438354617362,4.133727818024913
Michigan,394,"Mount Pleasant-Alma, MI",69872,1483.282623,5,8,0,7.155942294481338,3.370901757001167,11.44950767117014,5.393442811201867,0,0
Michigan,474,"Saginaw-Midland-Bay City, MI",293665,3219.2128000000002,4,4,8,1.3620962661536105,1.24253979109427,1.3620962661536105,1.24253979109427,2.724192532307221,2.48507958218854
Michigan,515,"South Bend-Elkhart-Mishawaka, IN-MI",205188,2739.910675,13,23,8,6.335653157104703,4.74468022575225,11.209232508723707,8.394434245561673,3.8988634812952023,2.9198032158475384
Michigan,NA,non-CSA,2384074,109224.486307,100,183,80,4.1945006740562585,0.9155456196784254,7.675936233522953,1.6754484840115182,3.3556005392450063,0.7324364957427403
Minnesota,244,"Fargo-Wahpeton, ND-MN",64222,2707.051032,1,2,1,1.557098813490704,0.36940566992606294,3.114197626981408,0.7388113398521259,1.557098813490704,0.36940566992606294
Minnesota,359,"Mankato-New Ulm, MN",126935,4681.411332,10,16,6,7.878047819750266,2.1361079577956645,12.604876511600423,3.417772732473063,4.72682869185016,1.2816647746773986
Minnesota,378,"Minneapolis-St. Paul, MN-WI",3798367,21358.589044,252,608,89,6.634430006368525,11.798532172741588,16.006878745524062,28.466299845344786,2.3431121847888843,4.1669419181507985
Minnesota,462,"Rochester-Austin, MN",219422,5765.939789,16,36,9,7.29188504343229,2.7749162470485866,16.40674134772265,6.24356155585932,4.101685336930663,1.56089038896483
Minnesota,NA,non-CSA,1430686,171717.074279,56,96,76,3.9142061919946096,0.3261178321091887,6.710067757705045,0.5590591407586092,5.312136974849827,0.4425884864338989
Mississippi,200,"Columbus-West Point, MS",58595,1309.092521,6,16,0,10.239781551326905,4.583327689792829,27.306084136871746,12.222207172780875,0,0
Mississippi,279,"Hattiesburg-Laurel, MS",138240,2493.4241700000002,4,5,8,2.8935185185185186,1.604219630228418,3.616898148148148,2.0052745377855223,5.787037037037037,3.208439260456836
Mississippi,298,"Jackson-Vicksburg-Brookhaven, MS",572917,9154.531297,15,36,8,2.6181802948769195,1.6385328219824427,6.283632707704606,3.9324787727578627,1.396362823934357,0.8738841717239694
Mississippi,368,"Memphis-Forrest City, TN-MS-AR",229871,4240.26667,7,27,1,3.045186213136933,1.6508395685406267,11.745718250671029,6.367524050085275,0.4350266018767047,0.2358342240772324
Mississippi,406,"New Orleans-Metairie-Hammond, LA-MS",55535,2101.267284,1,1,0,1.800666246511209,0.4759032835158347,1.800666246511209,0.4759032835158347,0,0
Mississippi,539,"Tupelo-Corinth, MS",122389,2201.514686,4,8,8,3.2682675730662067,1.8169308728381566,6.5365351461324135,3.633861745676313,6.5365351461324135,3.633861745676313
Mississippi,NA,non-CSA,1798602,100036.488359,32,84,30,1.7791595917273528,0.3198832798404709,4.670293928284301,0.839693609581236,1.667962117244393,0.2998905748504414
Missouri,164,"Cape Girardeau-Sikeston, MO-IL",38280,1087.772859,1,0,8,2.6123301985370952,0.9193095706757288,0,0,20.898641588296762,7.354476565405831
Missouri,190,"Columbia-Moberly-Mexico, MO",222920,4488.490408,9,11,16,4.037322806387942,2.0051284912983154,4.934505652251929,2.4507126004757187,7.177462766911897,3.5646728734192275
Missouri,309,"Joplin-Miami, MO-OK",179564,3271.829835,10,20,8,5.569045020159943,3.0563936709135118,11.138090040319886,6.1127873418270235,4.455236016127954,2.4451149367308096
Missouri,312,"Kansas City-Overland Park-Kansas City, MO-KS",1376481,13960.103262,272,1325,50,19.76053428997567,19.48409656398428,96.25995564050648,94.91333804146755,3.6324511562455277,3.5816353977912283
Missouri,448,"Quincy-Hannibal, IL-MO",9776,1308.052629,2,3,4,20.458265139116204,1.5289904669424428,30.687397708674304,2.2934857004136644,40.91653027823241,3.0579809338848856
Missouri,476,"St. Louis-St. Charles-Farmington, MO-IL",2061500,8125.882422000001,72,129,63,3.4926024739267523,8.860576151713358,6.257579432452099,15.875198938486434,3.0560271646859087,7.75300413274919
Missouri,NA,non-CSA,2248907,145807.77986,61,186,38,2.7124287487210452,0.41835902075026626,8.270684381346138,1.275652096058189,1.689709712318028,0.26061709489360846
Montana,NA,non-CSA,1068778,376966.832749,58,83,94,5.426758410072064,0.15385968992826163,7.765878414413471,0.22017852179389164,8.795091216323689,0.24935880781476882
Nebraska,339,"Lincoln-Beatrice, NE",336374,3649.266235,22,36,12,6.540339027392129,6.028609200665787,10.702372953914393,9.864996873816743,3.5674576513047977,3.2883322912722477
Nebraska,420,"Omaha-Council Bluffs-Fremont, NE-IA",842914,6216.6709,35,80,4,4.152262271121372,5.630022975802048,9.490885191134565,12.868623944690396,0.47454425955672824,0.6434311972345198
Nebraska,NA,non-CSA,755120,189087.864218,36,54,47,4.767454179468164,0.190387681139047,7.151181269202246,0.28558152170857054,6.224176289861214,0.24856169482042245
Nevada,332,"Las Vegas-Henderson, NV",2313238,67530.216014,157,398,132,6.787023211619383,2.32488520349841,17.205319988691176,5.893658031798517,5.706287031425214,1.9546805532598097
Nevada,456,"Reno-Carson City-Fernley, NV",637973,24438.47476,85,208,68,13.32344785751121,3.4781221346564917,32.603260639556844,8.511169458924122,10.658758286008968,2.782497707725194
Nevada,NA,non-CSA,128945,192568.35909,21,23,67,16.286013416572956,0.10905218333498548,17.83706231338943,0.11943810555736506,51.96013804335182,0.34792839444971557
New Hampshire,148,"Boston-Worcester-Providence, MA-RI-NH-CT",1070121,8479.909746,67,121,43,6.260974226279084,7.9010274881291185,11.307132557907003,14.269019791994378,4.01823719000001,5.070808686411225
New Hampshire,NA,non-CSA,289590,14709.288509,41,67,14,14.157947442936566,2.787354396843451,23.136158016506094,4.554944989963689,4.8344210780759,0.9517795501416662
New Jersey,408,"New York-Newark, NY-NJ-CT-PA",6965846,10446.525456,340,691,271,4.880957747271473,32.54670669516435,9.919828833425258,66.14639507752518,3.8904104397369683,25.941639748204526
New Jersey,428,"Philadelphia-Reading-Camden, PA-NJ-DE-MD",1811077,7678.898999,73,117,84,4.0307507632198964,9.506571190675457,6.460244373927779,15.236559305603128,4.638124165896867,10.939068219407375
New Jersey,NA,non-CSA,105267,923.424386,0,0,0,0,0,0,0,0,0
New Mexico,106,"Albuquerque-Santa Fe-Las Vegas, NM",1104082,37827.969651,57,110,45,5.162660019817368,1.5068215536250218,9.963028108419484,2.907901243837762,4.075784226171607,1.1895959633881754
New Mexico,238,"El Paso-Las Cruces, TX-NM",218195,9863.164217,4,10,0,1.8332225761360252,0.405549366511171,4.583056440340063,1.0138734162779275,0,0
New Mexico,NA,non-CSA,774552,266506.120131,25,37,56,3.2276722544128735,0.09380647614287939,4.776954936531053,0.1388335846914615,7.229985849884836,0.21012650656004983
New York,104,"Albany-Schenectady, NY",1167594,15652.086585000001,312,839,60,26.721617274497813,19.933444547834387,71.85716952981944,53.60307684497773,5.1387725527880415,3.8333547207373817
New York,160,"Buffalo-Cheektowaga-Olean, NY",1204100,7441.960512,121,294,27,10.048999252553774,16.259156415152987,24.416576696287684,39.50571889301635,2.2423386761896853,3.6280762248688485
New York,236,"Elmira-Corning, NY",178835,4656.558518,19,45,12,10.624318505885313,4.080266558780525,25.162859619202056,9.6637892181644,6.710095898453883,2.5770104581771736
New York,296,"Ithaca-Cortland, NY",149761,2521.130736,31,62,11,20.6996481059822,12.29606999642719,41.3992962119644,24.59213999285438,7.34503642470336,4.363121611635454
New York,408,"New York-Newark, NY-NJ-CT-PA",13418688,13114.093474,897,2206,353,6.684707178525948,68.39969547101309,16.439759237266713,168.2159734772072,2.6306595696986173,26.917605909997345
New York,464,"Rochester-Batavia-Seneca Falls, NY",1160940,10573.806301,136,407,17,11.714645029028201,12.861971945442015,35.057797991282925,38.49134251319779,1.4643306286285251,1.6077464931802519
New York,532,"Syracuse-Auburn, NY",725169,7968.003603,56,150,8,7.722337827458151,7.028109271802497,20.684833466405763,18.825292692328116,1.1031911182083074,1.0040156102574995
New York,NA,non-CSA,1448474,60122.361076,165,340,74,11.39129870470578,2.7444031978621957,23.472979149090698,5.6551338622614935,5.108824873625623,1.2308232523745606
North Carolina,120,"Asheville-Marion-Brevard, NC",497065,6244.378996,63,127,12,12.674398720489272,10.089073715794042,25.549978373049804,20.338291458822912,2.4141711848550997,1.9217283268179128
North Carolina,172,"Charlotte-Concord, NC-SC",2323595,11009.019271,152,364,50,6.5415874969605285,13.806861107092343,15.66538058482653,33.063798966984294,2.1518379924212265,4.541730627333008
North Carolina,246,"Fayetteville-Sanford-Lumberton, NC",820003,9162.663476,29,54,31,3.536572427174047,3.1650185643028848,6.585341760944778,5.893482843874338,3.780473973875705,3.383295706668601
North Carolina,268,"Greensboro--Winston-Salem--High Point, NC",1608638,11295.160724,64,119,39,3.9785209599673763,5.666143365628483,7.39756240993934,10.535485320465458,2.42441120998012,3.4528061134298564
North Carolina,272,"Greenville-Kinston-Washington, NC",236691,2723.259376,10,14,1,4.224917719727408,3.6720703463392756,5.914884807618372,5.140898484874986,0.42249177197274085,0.3672070346339276
North Carolina,396,"Myrtle Beach-Conway, SC-NC",142820,2199.399191,8,12,0,5.601456378658451,3.6373569803681898,8.402184567987677,5.456035470552285,0,0
North Carolina,404,"New Bern-Morehead City, NC",193757,5237.082464,12,21,0,6.193324628271494,2.291352118758617,10.838318099475115,4.00986620782758,0,0
North Carolina,450,"Raleigh-Durham-Cary, NC",2019244,10692.37471,207,491,82,10.251361400603393,19.359590887364256,24.31603114829114,45.92057548645337,4.0609257722197025,7.669016680018689
North Carolina,468,"Rocky Mount-Wilson-Roanoke Rapids, NC",226109,4226.162458,13,15,13,5.749439429655609,3.0760767313597674,6.6339685726795485,3.5493193054151164,5.749439429655609,3.0760767313597674
North Carolina,545,"Virginia Beach-Norfolk, VA-NC",104596,2258.524422,15,27,10,14.340892577154003,6.641504450377823,25.813606638877204,11.954708010680081,9.560595051436001,4.427669633585215
North Carolina,NA,non-CSA,2315566,60877.904545,92,189,48,3.973110677907691,1.511221529183795,8.162151283962539,3.1045746632145357,2.0729273102127084,0.7884634065306757
North Dakota,244,"Fargo-Wahpeton, ND-MN",181923,4571.158976,7,10,8,3.8477817538189236,1.5313403092633986,5.496831076884177,2.1876290132334266,4.397464861507341,1.7501032105867411
North Dakota,NA,non-CSA,580139,174124.476207,22,31,26,3.7921946292181703,0.1263463958613509,5.343546977534695,0.17803355780463082,4.4816845618032914,0.149318467836142
Ohio,178,"Cincinnati-Wilmington-Maysville, OH-KY-IN",1641637,4468.361977,62,134,50,3.7767179955130157,13.875330673551654,8.162584054818453,29.98861790735357,3.045740318962109,11.189782801251333
Ohio,184,"Cleveland-Akron-Canton, OH",3528652,15398.026572,127,227,62,3.599108101337281,8.247810159708301,6.433051488217031,14.742148868140035,1.7570448998654444,4.026489999227675
Ohio,198,"Columbus-Marion-Zanesville, OH",2467182,20630.605628,237,541,158,9.606101211827907,11.487786848018748,21.927851289446828,26.223175885139845,6.404067474551938,7.658524565345832
Ohio,212,"Dayton-Springfield-Kettering, OH",980579,5458.469645,43,81,14,4.385164275392396,7.877665865447896,8.260425728064746,14.839324072122782,1.4277279036161288,2.5648214445644313
Ohio,338,"Lima-Van Wert-Celina, OH",130626,2102.182027,7,9,10,5.358810650253395,3.32987339349943,6.8898994074686515,4.281265791642125,7.655443786076279,4.756961990713472
Ohio,360,"Mansfield-Ashland-Bucyrus, OH",216132,3418.63854,8,8,9,3.701441711546648,2.340112856739748,3.701441711546648,2.340112856739748,4.164121925489979,2.6326269638322164
Ohio,425,"Parkersburg-Marietta-Vienna, WV-OH",59911,1636.805233,3,5,0,5.007427684398524,1.8328387150262733,8.345712807330873,3.0547311917104554,0,0
Ohio,534,"Toledo-Findlay-Tiffin, OH",789169,6998.546948,33,44,31,4.181613824161872,4.715264503502477,5.5754850988824955,6.2870193380033035,3.928182683303576,4.4294908972296
Ohio,566,"Youngstown-Warren, OH-PA",426657,2666.610804,5,5,5,1.1719015508945125,1.8750392792603416,1.1719015508945125,1.8750392792603416,1.1719015508945125,1.8750392792603416
Ohio,NA,non-CSA,1448555,43045.453893,17,32,10,1.1735833295939746,0.39493136818251834,2.2090980321768936,0.743400222461211,0.6903431350552792,0.23231256951912846
Oklahoma,206,"Dallas-Fort Worth, TX-OK",47995,2341.975631,3,4,4,6.250651109490573,1.2809697762393157,8.334201479320763,1.707959701652421,8.334201479320763,1.707959701652421
Oklahoma,309,"Joplin-Miami, MO-OK",31127,1219.409732,2,2,2,6.425289941208597,1.6401378039846575,6.425289941208597,1.6401378039846575,6.425289941208597,1.6401378039846575
Oklahoma,416,"Oklahoma City-Shawnee, OK",1481542,16315.597777,91,103,112,6.142249089124709,5.577484885554249,6.952216001976319,6.312977397935029,7.5596911866150265,6.864596782220613
Oklahoma,538,"Tulsa-Muskogee-Bartlesville, OK",1118150,19414.02451,67,110,80,5.992040423914501,3.4511133930777143,9.837678307919331,5.666007063261918,7.1546751330322405,4.120732409645032
Oklahoma,NA,non-CSA,1278157,138371.667499,74,82,127,5.789586099360251,0.5347915605666513,6.415487299291088,0.5926068644116947,9.936181548902052,0.9178179485400638
Oregon,140,"Bend-Prineville, OR",222096,15530.981545999999,32,72,19,14.408183848425905,2.0603977865289265,32.418413658958286,4.635895019690084,8.55485916000288,1.22336118575155
Oregon,366,"Medford-Grants Pass, OR",308431,11452.678612,38,69,19,12.320421747489714,3.3180010796936177,22.371292120441847,6.024791434180516,6.160210873744857,1.6590005398468088
Oregon,440,"Portland-Vancouver-Salem, OR-WA",2648793,24045.399437,411,904,172,15.516501289455233,17.092666772986572,34.12875222790154,37.59554930116756,6.493523653981267,7.153135486505331
Oregon,NA,non-CSA,1038417,197578.717919,157,278,138,15.119166962790478,0.7946199957849925,26.77151857105575,1.4070341326638722,13.289458859013287,0.6984557924734329
Pennsylvania,107,"Altoona-Huntingdon, PA",166973,3627.1565090000004,5,5,9,2.9944961161385373,1.3784902822896081,2.9944961161385373,1.3784902822896081,5.390093009049367,2.4812825081212946
Pennsylvania,146,"Bloomsburg-Berwick-Sunbury, PA",123566,2439.818123,7,22,12,5.664988750950909,2.8690663185142675,17.804250360131427,9.017065572473411,9.711409287344416,4.9183994031673155
Pennsylvania,240,"Erie-Meadville, PA",354357,4691.400175999999,10,16,12,2.8220128288703203,2.1315597955504706,4.515220526192512,3.410495672880753,3.3864153946443842,2.5578717546605647
Pennsylvania,276,"Harrisburg-York-Lebanon, PA",1225529,7395.0255130000005,62,122,41,5.059039810563438,8.384014347348472,9.954884788528055,16.497576618976026,3.345494068275822,5.544267552278828
Pennsylvania,306,"Johnstown-Somerset, PA",203639,4565.424484,4,5,6,1.9642602841302501,0.8761507312230027,2.4553253551628127,1.0951884140287533,2.946390426195375,1.314226096834504
Pennsylvania,408,"New York-Newark, NY-NJ-CT-PA",226080,2986.820699,8,22,11,3.5385704175513095,2.678433292858334,9.7310686482661,7.365691555360418,4.86553432413305,3.682845777680209
Pennsylvania,428,"Philadelphia-Reading-Camden, PA-NJ-DE-MD",4556149,7802.073797999999,228,485,50,5.0042261567828445,29.222999666889336,10.644954763331928,62.162959817725124,1.0974180168383432,6.408552558528363
Pennsylvania,430,"Pittsburgh-New Castle-Weirton, PA-OH-WV",2422450,15058.990905,135,360,47,5.572870441082375,8.96474410879525,14.860987842886335,23.905984290120664,1.9401845239323823,3.121059060099087
Pennsylvania,524,"State College-DuBois, PA",241640,5836.217429,22,48,21,9.104452905148154,3.7695648367524175,19.86426088395961,8.22450509836891,8.690614136732329,3.5982209805363987
Pennsylvania,548,"Washington-Baltimore-Arlington, DC-MD-VA-WV-PA",155027,2000.245529,4,6,0,2.5801957078444397,1.999754501138545,3.8702935617666596,2.9996317517078177,0,0
Pennsylvania,558,"Williamsport-Lock Haven, PA",113299,3182.485518,3,2,8,2.647860969646687,0.9426594349077569,1.7652406464311248,0.628439623271838,7.060962585724499,2.513758493087352
Pennsylvania,566,"Youngstown-Warren, OH-PA",109424,1741.807476,7,10,14,6.397134083930399,4.018813845072738,9.138762977043427,5.741162635818197,12.794268167860798,8.037627690145476
Pennsylvania,NA,non-CSA,2903856,54552.991248,121,282,44,4.166873288482624,2.2180268621738692,9.711225350017356,5.169285744901084,1.515226650357318,0.8065552226086797
Rhode Island,148,"Boston-Worcester-Providence, MA-RI-NH-CT",1059361,2677.78714,124,374,24,11.705169437047427,46.306892040716875,35.304301366578535,139.66756147764605,2.265516665234986,8.962624265945202
South Carolina,172,"Charlotte-Concord, NC-SC",378991,3185.0149730000003,14,37,0,3.694019119187527,4.395583731530545,9.762764814995606,11.616899861902155,0,0
South Carolina,192,"Columbia-Orangeburg-Newberry, SC",867235,8519.184716,43,79,24,4.958286969506536,5.04743134859385,9.109410943977123,9.273187826486376,2.7674159829803915,2.817170985261684
South Carolina,273,"Greenville-Spartanburg-Anderson, SC",1350442,11393.663964,82,178,22,6.072086028130049,7.196982485975659,13.180869670818888,15.622718079313017,1.6290962514495255,1.930897740139811
South Carolina,396,"Myrtle Beach-Conway, SC-NC",416761,5042.428918,28,53,11,6.718478936368806,5.552879466490479,12.717120843840956,10.510807561571264,2.6394024392877453,2.181488361835545
South Carolina,NA,non-CSA,2135285,49724.366599,77,142,42,3.606076003905802,1.548536568016304,6.650166137073038,2.855742761796301,1.9669505475849827,0.844656309827075
South Dakota,452,"Rapid City-Spearfish, SD",139619,9263.915817,15,23,20,10.743523445949334,1.6191856981767736,16.47340261712231,2.482751403871053,14.324697927932444,2.158914264235698
South Dakota,NA,non-CSA,745040,187082.279499,27,53,34,3.6239664984430364,0.14432152565333867,7.113712015462258,0.2832978096158129,4.563513368409749,0.18173821748938943
Tennessee,174,"Chattanooga-Cleveland-Dalton, TN-GA",438430,3644.34258,51,107,19,11.632415664986429,13.994293588063282,24.405264238304863,29.36057674358375,4.333645051661611,5.213560356337301
Tennessee,297,"Jackson-Brownsville, TN",97984,1443.073936,6,7,11,6.123448726322665,4.157791122353137,7.144023514043108,4.850756309411993,11.226322664924885,7.622617057647419
Tennessee,304,"Johnson City-Kingsport-Bristol, TN-VA",418783,4543.5723339999995,15,33,8,3.581807284440868,3.3013670515936373,7.87997602576991,7.263007513506003,1.9102972183684628,1.7607290941832734
Tennessee,315,"Knoxville-Morristown-Sevierville, TN",988130,8025.094389,89,180,16,9.006912045985853,11.090212237502445,18.216226609859028,22.429642727533032,1.61922014309858,1.9937460202251587
Tennessee,362,"Martin-Union City, TN",33328,1503.107848,1,1,0,3.00048007681229,0.6652882568144238,3.00048007681229,0.6652882568144238,0,0
Tennessee,368,"Memphis-Forrest City, TN-MS-AR",937166,1977.610549,33,78,15,3.521254505605197,16.686804192406235,8.32296519506683,39.44153718205111,1.600570229820544,7.584910996548289
Tennessee,400,"Nashville-Davidson--Murfreesboro, TN",1866098,12930.456264,174,445,62,9.324269143421192,13.456601719804556,23.84655039553121,34.41487221444269,3.322440729265023,4.794881072574037
Tennessee,NA,non-CSA,2049255,72738.581278,39,73,34,1.9031306499191167,0.5361666300714015,3.5622701908742447,1.0035939485951875,1.6591395409551277,0.467427318523786
Texas,108,"Amarillo-Pampa-Borger, TX",255128,4714.61527,6,12,11,2.3517606848327115,1.2726383079822332,4.703521369665423,2.5452766159644664,4.311561255526637,2.333170231300761
Texas,154,"Brownsville-Harlingen-Raymondville, TX",423163,2309.34104,8,17,2,1.8905244551154046,3.4641916726167046,4.017364467120235,7.361407304310498,0.47263111377885114,0.8660479181541761
Texas,204,"Corpus Christi-Kingsville-Alice, TX",483214,6902.597012,18,46,8,3.725057634919518,2.607714164495976,9.519591733683214,6.664158420378605,1.6555811710753414,1.1589840731093226
Texas,206,"Dallas-Fort Worth, TX-OK",7697703,26484.925735,427,990,156,5.5471093129989555,16.1223786040569,12.860979437632238,37.3797536721694,2.026578578051141,5.8901430028872985
Texas,238,"El Paso-Las Cruces, TX-NM",839238,2624.29765,23,46,13,2.740581336879407,8.764249741259341,5.481162673758814,17.528499482518683,1.5490242338883606,4.953706375494411
Texas,288,"Houston-The Woodlands, TX",7121137,26106.023173,271,690,118,3.805572059630365,10.380746167431589,9.68946391566403,26.430682123718803,1.6570387565918197,4.5200296965200275
Texas,314,"Kerrville-Fredericksburg, TX",79588,5598.333078,10,21,4,12.564708247474494,1.7862459879883552,26.385887319696433,3.7511165747755464,5.025883298989798,0.7144983951953422
Texas,352,"Lubbock-Plainview-Levelland, TX",310569,2319.592469,6,8,1,1.931937830240623,2.586661269247292,2.575917106987497,3.4488816923297225,0.32198963837343714,0.4311102115412153
Texas,365,"McAllen-Edinburg, TX",868707,4068.395785,9,16,8,1.0360225024087524,2.212174153061168,1.8418177820600041,3.9327540498865203,0.9209088910300021,1.9663770249432602
Texas,372,"Midland-Odessa, TX",176832,2331.915364,4,2,12,2.262034020991676,1.7153281211453093,1.131017010495838,0.8576640605726547,6.7861020629750275,5.145984363435928
Texas,484,"San Antonio-New Braunfels-Pearsall, TX",2448223,12349.755184,102,236,43,4.1662871396927486,8.259273036614392,9.639644754583223,19.109690555303885,1.756375951046943,3.48185039778842
Texas,540,"Tyler-Jacksonville, TX",232751,2386.604273,6,9,8,2.5778621788950424,2.5140322037796,3.8667932683425636,3.7710483056694,3.437149571860057,3.3520429383728
Texas,544,"Victoria-Port Lavaca, TX",92084,2284.644911,3,4,6,3.2578949654663134,1.3131143424327092,4.343859953955085,1.750819123243612,6.515789930932627,2.6262286848654184
Texas,NA,non-CSA,7967544,576187.169879,435,1133,292,5.459649799235499,0.7549630098347218,14.2201913161697,1.966374919868367,3.6648683709810705,0.5067797675212384
Utah,482,"Salt Lake City-Provo-Orem, UT",2628924,58917.778369,288,950,92,10.955052333197917,4.888168019443401,36.13645734909035,16.124165341913997,3.4995306064382232,1.5614981173221976
Utah,NA,non-CSA,577034,154437.357297,77,155,76,13.344101040839881,0.49858403010562097,26.861502095197164,1.003643177485341,13.170801027322481,0.4921089128315221
Vermont,162,"Burlington-South Burlington-Barre, VT",271585,4811.552144,103,210,31,37.92551135003774,21.406813626334877,77.32385809230995,43.644959820682764,11.414474289817186,6.4428274021007885
Vermont,NA,non-CSA,352404,19062.64578,123,335,22,34.90312255252494,6.452409671749145,95.06135004142972,17.57363609785336,6.242834928093892,1.1540895347843998
Virginia,277,"Harrisonburg-Staunton, VA",258084,4840.925757,22,41,12,8.524356411090961,4.5445852930481125,15.886300584305884,8.469454409771481,4.649648951504162,2.47886470529897
Virginia,304,"Johnson City-Kingsport-Bristol, TN-VA",53740,1453.39974,3,3,4,5.582433941198363,2.0641258680836145,5.582433941198363,2.0641258680836145,7.443245254931149,2.752167824111486
Virginia,545,"Virginia Beach-Norfolk, VA-NC",1634658,4560.9858730000005,103,225,39,6.301012199493717,22.582836883958922,13.764347037728992,49.3314397950559,2.3858201532063585,8.55078289780969
Virginia,548,"Washington-Baltimore-Arlington, DC-MD-VA-WV-PA",3142161,11421.265283,335,772,223,10.661452420802117,29.331251109159616,24.569078414505174,67.59321151125738,7.0970265368324545,19.524982081619687
Virginia,NA,non-CSA,3446876,79981.729632,185,372,149,5.367178859929978,2.3130282484661735,10.792381275102441,4.651062207726576,4.322754865565225,1.8629254541700533
Washington,313,"Kennewick-Richland-Walla Walla, WA",360372,10908.31787,36,57,25,9.989677333422131,3.300233860896831,15.816989111251708,5.225370279753316,6.93727592598759,2.2918290700672435
Washington,393,"Moses Lake-Othello, WA",117716,11925.573041,14,13,24,11.893030684019164,1.1739477802758944,11.04352849230351,1.090094367399045,20.388052601175712,2.012481909044391
Washington,440,"Portland-Vancouver-Salem, OR-WA",610917,8878.321230000001,52,108,57,8.511794564564417,5.856963118690851,17.67834255717225,12.164461861896383,9.330236349618689,6.420132649334202
Washington,446,"Pullman-Moscow, WA-ID",50104,5592.461103,9,18,4,17.962637713555804,1.6093093602693225,35.92527542711161,3.218618720538645,7.983394539358135,0.7152486045641434
Washington,500,"Seattle-Tacoma, WA",4903675,31827.183079,726,1896,323,14.805222613652006,22.81068978671331,38.66487889185152,59.5717187818298,6.586896562272173,10.148557577284297
Washington,518,"Spokane-Spokane Valley-Coeur d'Alene, WA-ID",568521,10984.8881,68,153,28,11.960859845106864,6.190322503148667,26.911934651490444,13.9282256320845,4.925059936220474,2.5489563248259217
Washington,NA,non-CSA,1003588,92001.209844,140,229,100,13.94994758805406,1.5217191191005879,22.818128554745574,2.4890977019573897,9.964248277181474,1.0869422279289913
West Virginia,170,"Charleston-Huntington-Ashland, WV-OH-KY",358538,5133.614733,14,21,16,3.9047464982791222,2.7271232315126674,5.857119747418683,4.090684847269001,4.462567426604711,3.1167122645859053
West Virginia,390,"Morgantown-Fairmont, WV",105612,932.631311,5,5,10,4.734310495019506,5.361175355177412,4.734310495019506,5.361175355177412,9.468620990039012,10.722350710354824
West Virginia,425,"Parkersburg-Marietta-Vienna, WV-OH",83518,949.251416,4,9,6,4.789386719030628,4.213846756063201,10.776120117818914,9.481155201142201,7.184080078545942,6.320770134094802
West Virginia,548,"Washington-Baltimore-Arlington, DC-MD-VA-WV-PA",217376,3625.772906,21,66,8,9.660680111879875,5.791868532430365,30.362137494479608,18.20301538763829,3.6802590902399532,2.2064261075925202
West Virginia,NA,non-CSA,1027103,51624.961194,36,64,20,3.505003879844572,0.6973370859247062,6.231118008612573,1.2397103749772553,1.9472243776914293,0.3874094921803923
Wisconsin,118,"Appleton-Oshkosh-Neenah, WI",409881,3601.524459,17,26,8,4.147545263137349,4.720223392490918,6.343304520092417,7.219165188515523,1.9517860061822823,2.2212815964663144
Wisconsin,176,"Chicago-Naperville, IL-IN-WI",169561,704.075246,6,11,9,3.538549548540053,8.521816430967094,6.487340838990098,15.623330123439676,5.30782432281008,12.782724646450644
Wisconsin,232,"Eau Claire-Menomonie, WI",150014,3854.116561,6,7,11,3.9996267015078595,1.5567769954635786,4.6662311517591695,1.8162398280408416,7.3326489527644085,2.854091158349894
Wisconsin,267,"Green Bay-Shawano, WI",264542,1372.93317,9,15,8,3.4021062818002434,6.555308150942263,5.670177136333739,10.925513584903772,3.0240944727113277,5.8269405786153445
Wisconsin,357,"Madison-Janesville-Beloit, WI",811451,8625.221986999999,88,159,32,10.844770663909467,10.202635959124795,19.594528813200057,18.434308153418662,3.9435529686943513,3.710049439681743
Wisconsin,376,"Milwaukee-Racine-Waukesha, WI",2047966,9777.365678,74,160,39,3.6133412371103817,7.56850080451701,7.812629701860285,16.364326063820563,1.9043284898284445,3.9888044780562617
Wisconsin,378,"Minneapolis-St. Paul, MN-WI",90687,1871.147432,1,2,0,1.1026938811516536,0.5344314311626087,2.205387762303307,1.0688628623252174,0,0
Wisconsin,554,"Wausau-Stevens Point-Wisconsin Rapids, WI",279463,8130.152263,8,17,10,2.862632978247568,0.9839914113795485,6.083095078776081,2.0909817491815406,3.5782912228094594,1.2299892642244357
Wisconsin,NA,non-CSA,1598869,102356.483282,39,71,25,2.439224226625196,0.3810212968391264,4.440638976676638,0.6936541557840507,1.5636052734776897,0.24424442105072203
Wyoming,NA,non-CSA,578759,251458.57821100001,54,87,75,9.33030847036504,0.21474709824648877,15.032163646699232,0.34598143606378745,12.95876176439589,0.29825985867567884
